System,host_star,has_pdcsap,n_sectors,sector_list
55_Cnc_e,55 Cnc,True,4,"[21, 44, 46, 72]"
pi_Men_c,pi Men,True,24,"[1, 4, 8, 11, 12, 13, 27, 28, 31, 34, 38, 39, 61, 62, 64, 65, 66, 67, 68, 88, 89, 93, 94, 95]"
AU_Mic_b,AU Mic,True,3,"[1, 27, 95]"
AU_Mic_c,AU Mic,True,3,"[1, 27, 95]"
CoRoT-01,CoRoT-01,True,3,"[6, 33, 87]"
CoRoT-02,CoRoT-02,True,2,"[54, 81]"
CoRoT-03,CoRoT-03,True,2,"[54, 81]"
CoRoT-04,CoRoT-04,True,3,"[6, 33, 87]"
CoRoT-05,CoRoT-05,True,3,"[6, 33, 87]"
CoRoT-06,CoRoT-06,True,1,[80]
CoRoT-07,CoRoT-07,True,3,"[6, 33, 87]"
CoRoT-08,CoRoT-08,True,2,"[54, 81]"
CoRoT-09,CoRoT-09,True,1,[80]
CoRoT-10,CoRoT-10,True,2,"[54, 81]"
CoRoT-11,CoRoT-11,True,1,[80]
CoRoT-12,CoRoT-12,True,3,"[6, 33, 87]"
CoRoT-13,CoRoT-13,True,3,"[6, 33, 87]"
CoRoT-14,CoRoT-14,True,3,"[6, 33, 87]"
CoRoT-15,CoRoT-15,False,0,
CoRoT-16,CoRoT-16,True,1,[80]
CoRoT-17,CoRoT-17,True,1,[80]
CoRoT-18,CoRoT-18,True,3,"[6, 33, 87]"
CoRoT-19,CoRoT-19,True,3,"[6, 33, 87]"
CoRoT-20,CoRoT-20,True,3,"[6, 33, 87]"
CoRoT-21,CoRoT-21,True,3,"[6, 33, 87]"
CoRoT-22,CoRoT-22,True,1,[80]
CoRoT-23,CoRoT-23,True,1,[80]
CoRoT-24b,CoRoT-24b,True,3,"[6, 33, 87]"
CoRoT-24c,CoRoT-24c,True,3,"[6, 33, 87]"
CoRoT-25,CoRoT-25,True,1,[80]
CoRoT-26,CoRoT-26,True,1,[80]
CoRoT-27,CoRoT-27,False,0,
CoRoT-28,CoRoT-28,True,1,[80]
CoRoT-29,CoRoT-29,True,1,[80]
CoRoT-30,CoRoT-30,True,1,[80]
CoRoT-31,CoRoT-31,True,1,[87]
CoRoT-32,CoRoT-32,True,3,"[6, 33, 87]"
CoRoT-33,CoRoT-33,True,1,[80]
CoRoT-34,CoRoT-34,False,0,
CoRoT-35,CoRoT-35,False,0,
CoRoT-36,CoRoT-36,False,0,
EPIC_210768568,EPIC 210768568,False,0,
EPIC_212036875,EPIC 212036875,True,4,"[44, 45, 46, 72]"
EPIC_201170410,EPIC 201170410,True,3,"[45, 46, 72]"
EPIC_201702477,EPIC 201702477,True,3,"[45, 46, 72]"
EPIC_201757695,EPIC 201757695,True,3,"[45, 46, 72]"
EPIC_219388192,EPIC 219388192,True,1,[92]
EPIC_246078343b,EPIC 246078343b,True,2,"[42, 92]"
EPIC_246078343c,EPIC 246078343c,True,2,"[42, 92]"
EPIC_246220667b,EPIC 246220667b,True,1,[92]
EPIC_246220667c,EPIC 246220667c,True,1,[92]
EPIC_247422570,EPIC 247422570,False,0,
G_9-40,G 9-40,True,4,"[44, 45, 46, 72]"
Gaia-001,Gaia-001,True,1,[87]
Gaia-002,Gaia-002,True,4,"[47, 60, 73, 74]"
GJ_0012,GJ 0012,True,5,"[42, 43, 57, 70, 84]"
GJ_0238,GJ 0238,True,44,"[1, 2, 3, 4, 5, 6, 8, 9, 10, 11, 12, 13, 27, 28, 29, 30, 31, 32, 33, 34, 35, 36, 37, 38, 39, 61, 62, 63, 64, 65, 66, 67, 68, 69, 87, 88, 89, 90, 93, 94, 95, 96, 97, 98]"
GJ_0357,GJ 0357,True,5,"[8, 35, 62, 89, 99]"
GJ_0367,GJ 0367,True,7,"[9, 35, 36, 63, 89, 90, 99]"
GJ_0436,GJ 0436,True,2,"[22, 49]"
GJ_0486,GJ 0486,True,2,"[23, 50]"
GJ_0806,GJ 0806,True,7,"[41, 55, 56, 75, 76, 82, 83]"
GJ_1132,GJ 1132,True,6,"[9, 10, 36, 63, 90, 99]"
GJ_1214,GJ 1214,False,0,
GJ_1252,GJ 1252,True,4,"[13, 27, 67, 94]"
GJ_3090,GJ 3090,True,5,"[2, 3, 29, 69, 96]"
GJ_3470,GJ 3470,True,5,"[44, 45, 46, 71, 72]"
GJ_3473,GJ 3473,True,4,"[7, 34, 61, 88]"
GJ_3929,GJ 3929,True,3,"[24, 25, 78]"
GJ_9827b,GJ 9827b,True,3,"[42, 70, 92]"
GJ_9827c,GJ 9827c,True,3,"[42, 70, 92]"
GJ_9827d,GJ 9827d,True,3,"[42, 70, 92]"
GPX-1,GPX-1,True,2,"[58, 85]"
HAT-P-01,HAT-P-01,True,3,"[56, 83, 84]"
HAT-P-02,HAT-P-02,True,6,"[24, 25, 51, 52, 78, 79]"
HAT-P-03,HAT-P-03,True,4,"[16, 22, 49, 76]"
HAT-P-04,HAT-P-04,True,5,"[24, 50, 51, 77, 78]"
HAT-P-05,HAT-P-05,True,7,"[26, 40, 53, 54, 74, 79, 80]"
HAT-P-06,HAT-P-06,True,2,"[57, 84]"
HAT-P-07,HAT-P-07,True,10,"[14, 15, 40, 41, 54, 55, 74, 75, 81, 82]"
HAT-P-08,HAT-P-08,True,2,"[56, 83]"
HAT-P-09,HAT-P-09,True,3,"[20, 47, 60]"
HAT-P-11,HAT-P-11,True,11,"[14, 15, 41, 54, 55, 56, 74, 75, 76, 82, 83]"
HAT-P-12,HAT-P-12,True,5,"[23, 49, 50, 76, 77]"
HAT-P-13,HAT-P-13,True,1,[47]
HAT-P-14,HAT-P-14,True,5,"[25, 26, 52, 53, 80]"
HAT-P-15,HAT-P-15,True,2,"[59, 86]"
HAT-P-16,HAT-P-16,True,3,"[17, 57, 84]"
HAT-P-17,HAT-P-17,True,5,"[15, 55, 56, 82, 83]"
HAT-P-18,HAT-P-18,True,3,"[25, 26, 79]"
HAT-P-19,HAT-P-19,True,2,"[57, 84]"
HAT-P-20,HAT-P-20,True,5,"[44, 45, 46, 71, 72]"
HAT-P-21,HAT-P-21,True,2,"[22, 48]"
HAT-P-22,HAT-P-22,True,3,"[21, 48, 75]"
HAT-P-23,HAT-P-23,True,3,"[54, 55, 81]"
HAT-P-24,HAT-P-24,True,8,"[7, 33, 44, 45, 46, 71, 72, 87]"
HAT-P-25,HAT-P-25,True,5,"[42, 43, 44, 70, 71]"
HAT-P-26,HAT-P-26,True,1,[50]
HAT-P-27,HAT-P-27,True,1,[51]
HAT-P-28,HAT-P-28,True,2,"[57, 84]"
HAT-P-29,HAT-P-29,True,2,"[58, 85]"
HAT-P-30,HAT-P-30,True,4,"[7, 34, 61, 88]"
HAT-P-31,HAT-P-31,True,5,"[26, 40, 53, 79, 80]"
HAT-P-32,HAT-P-32,True,1,[58]
HAT-P-33,HAT-P-33,True,6,"[20, 44, 45, 46, 47, 60]"
HAT-P-34,HAT-P-34,True,4,"[14, 41, 54, 81]"
HAT-P-35,HAT-P-35,True,4,"[7, 34, 61, 88]"
HAT-P-36,HAT-P-36,True,3,"[22, 49, 76]"
HAT-P-37,HAT-P-37,True,11,"[26, 40, 41, 53, 54, 55, 59, 74, 75, 80, 82]"
HAT-P-38,HAT-P-38,True,2,"[58, 85]"
HAT-P-39,HAT-P-39,True,5,"[44, 45, 46, 71, 72]"
HAT-P-40,HAT-P-40,True,6,"[56, 57, 76, 77, 83, 84]"
HAT-P-41,HAT-P-41,True,2,"[54, 81]"
HAT-P-42,HAT-P-42,True,8,"[8, 34, 44, 45, 46, 61, 72, 88]"
HAT-P-43,HAT-P-43,True,8,"[7, 34, 44, 45, 46, 61, 72, 88]"
HAT-P-44,HAT-P-44,True,5,"[23, 49, 50, 76, 77]"
HAT-P-45,HAT-P-45,True,1,[80]
HAT-P-46,HAT-P-46,True,1,[80]
HAT-P-47,HAT-P-47,True,2,"[58, 85]"
HAT-P-48,HAT-P-48,True,2,"[58, 85]"
HAT-P-49,HAT-P-49,True,4,"[41, 55, 81, 82]"
HAT-P-50,HAT-P-50,True,8,"[7, 34, 44, 45, 46, 71, 72, 88]"
HAT-P-51,HAT-P-51,True,2,"[57, 84]"
HAT-P-52,HAT-P-52,True,5,"[42, 43, 44, 58, 85]"
HAT-P-53,HAT-P-53,True,1,[85]
HAT-P-54,HAT-P-54,True,5,"[43, 44, 45, 71, 72]"
HAT-P-55,HAT-P-55,True,6,"[25, 26, 52, 53, 79, 80]"
HAT-P-56,HAT-P-56,True,5,"[43, 44, 45, 71, 72]"
HAT-P-57,HAT-P-57,True,1,[80]
HAT-P-58,HAT-P-58,True,3,"[59, 73, 86]"
HAT-P-59,HAT-P-59,True,30,"[23, 24, 25, 26, 41, 47, 48, 49, 50, 51, 52, 53, 54, 55, 57, 58, 59, 60, 74, 75, 76, 77, 79, 80, 81, 82, 83, 84, 85, 86]"
HAT-P-60,HAT-P-60,True,2,"[58, 85]"
HAT-P-61,HAT-P-61,True,3,"[59, 73, 86]"
HAT-P-62,HAT-P-62,True,3,"[59, 73, 86]"
HAT-P-63,HAT-P-63,True,1,[80]
HAT-P-64,HAT-P-64,True,1,[98]
HAT-P-65,HAT-P-65,True,2,"[55, 82]"
HAT-P-66,HAT-P-66,True,3,"[21, 48, 75]"
HAT-P-67,HAT-P-67,True,8,"[24, 26, 51, 52, 53, 78, 79, 80]"
HAT-P-68,HAT-P-68,True,4,"[44, 46, 71, 72]"
HAT-P-69,HAT-P-69,True,3,"[34, 61, 88]"
HAT-P-70,HAT-P-70,True,2,"[32, 98]"
HATS-01,HATS-01,True,5,"[10, 36, 63, 90, 100]"
HATS-02,HATS-02,True,3,"[10, 36, 63]"
HATS-03,HATS-03,True,2,"[1, 92]"
HATS-04,HATS-04,True,3,"[6, 33, 87]"
HATS-05,HATS-05,True,3,"[5, 32, 98]"
HATS-06,HATS-06,True,5,"[6, 32, 33, 87, 98]"
HATS-07,HATS-07,True,4,"[11, 37, 64, 91]"
HATS-08,HATS-08,True,1,[92]
HATS-09,HATS-09,True,1,[92]
HATS-10,HATS-10,True,1,[92]
HATS-11,HATS-11,True,1,[92]
HATS-12,HATS-12,True,1,[92]
HATS-13,HATS-13,True,5,"[1, 28, 68, 92, 95]"
HATS-14,HATS-14,True,5,"[1, 28, 68, 92, 95]"
HATS-15,HATS-15,True,1,[92]
HATS-16,HATS-16,True,4,"[2, 29, 69, 96]"
HATS-17,HATS-17,True,6,"[10, 11, 37, 64, 99, 100]"
HATS-18,HATS-18,True,5,"[10, 36, 63, 90, 100]"
HATS-19,HATS-19,True,4,"[9, 35, 36, 99]"
HATS-20,HATS-20,True,3,"[11, 37, 64]"
HATS-21,HATS-21,True,4,"[13, 66, 93, 94]"
HATS-22,HATS-22,True,5,"[10, 36, 63, 90, 100]"
HATS-23,HATS-23,True,3,"[13, 67, 94]"
HATS-24,HATS-24,True,5,"[13, 39, 66, 93, 100]"
HATS-25,HATS-25,True,3,"[11, 37, 64]"
HATS-26,HATS-26,True,6,"[8, 9, 35, 62, 89, 99]"
HATS-27,HATS-27,True,5,"[10, 11, 37, 64, 100]"
HATS-28,HATS-28,True,3,"[13, 67, 94]"
HATS-29,HATS-29,True,3,"[13, 67, 94]"
HATS-30,HATS-30,True,7,"[1, 2, 28, 29, 68, 95, 96]"
HATS-31,HATS-31,True,1,[64]
HATS-32,HATS-32,True,4,"[2, 29, 69, 96]"
HATS-33,HATS-33,True,4,"[13, 27, 67, 94]"
HATS-34,HATS-34,True,6,"[1, 2, 28, 68, 95, 96]"
HATS-35,HATS-35,True,2,"[67, 94]"
HATS-36,HATS-36,True,1,[92]
HATS-37,HATS-37,False,0,
HATS-38,HATS-38,True,4,"[62, 89, 99, 100]"
HATS-39,HATS-39,True,3,"[34, 61, 88]"
HATS-40,HATS-40,True,2,"[33, 87]"
HATS-41,HATS-41,True,3,"[33, 34, 87]"
HATS-42,HATS-42,True,5,"[33, 34, 61, 87, 88]"
HATS-43,HATS-43,True,3,"[5, 6, 32]"
HATS-44,HATS-44,True,5,"[5, 6, 32, 33, 98]"
HATS-45,HATS-45,True,4,"[6, 7, 33, 87]"
HATS-46,HATS-46,True,8,"[1, 2, 28, 29, 68, 69, 95, 96]"
HATS-47,HATS-47,True,4,"[13, 27, 67, 94]"
HATS-48,HATS-48,True,4,"[13, 27, 67, 94]"
HATS-49,HATS-49,True,4,"[68, 69, 95, 96]"
HATS-50,HATS-50,True,1,[92]
HATS-51,HATS-51,True,3,"[33, 34, 87]"
HATS-52,HATS-52,True,4,"[35, 62, 89, 99]"
HATS-53,HATS-53,True,5,"[36, 37, 63, 90, 100]"
HATS-54,HATS-54,True,2,"[37, 64]"
HATS-55,HATS-55,True,3,"[34, 61, 88]"
HATS-56,HATS-56,True,5,"[37, 64, 90, 99, 100]"
HATS-57,HATS-57,True,1,[31]
HATS-58,HATS-58,True,4,"[37, 64, 99, 100]"
HATS-59,HATS-59,True,4,"[36, 63, 90, 100]"
HATS-60,HATS-60,True,3,"[29, 42, 92]"
HATS-61,HATS-61,True,1,[31]
HATS-62,HATS-62,True,1,[92]
HATS-63,HATS-63,True,3,"[31, 32, 98]"
HATS-64,HATS-64,True,4,"[35, 62, 89, 99]"
HATS-65,HATS-65,True,1,[92]
HATS-66,HATS-66,True,3,"[33, 34, 87]"
HATS-67,HATS-67,True,5,"[37, 64, 90, 99, 100]"
HATS-68,HATS-68,True,6,"[28, 29, 68, 69, 95, 96]"
HATS-69,HATS-69,True,3,"[27, 67, 94]"
HATS-70,HATS-70,True,5,"[33, 34, 61, 87, 88]"
HATS-71,HATS-71,True,8,"[1, 2, 28, 29, 68, 69, 95, 96]"
HATS-72,HATS-72,True,3,"[42, 92, 96]"
HATS-74,HATS-74,True,5,"[9, 36, 63, 90, 100]"
HATS-75,HATS-75,True,3,"[4, 5, 31]"
HATS-76,HATS-76,True,4,"[5, 31, 32, 98]"
HATS-77,HATS-77,True,5,"[9, 35, 62, 89, 99]"
HD_001397,HD 001397,True,3,"[1, 95, 96]"
HD_002685,HD 002685,True,7,"[1, 27, 28, 67, 68, 94, 95]"
HD_003167b,HD 003167b,True,1,[70]
HD_003167c,HD 003167c,True,1,[70]
HD_006061,HD 006061,True,3,"[17, 57, 84]"
HD_015337b,HD 015337b,True,4,"[3, 4, 30, 97]"
HD_015337c,HD 015337c,True,4,"[3, 4, 30, 97]"
HD_015906b,HD 015906b,True,2,"[4, 31]"
HD_015906c,HD 015906c,True,2,"[4, 31]"
HD_017156,HD 017156,True,8,"[18, 19, 25, 52, 59, 73, 79, 86]"
HD_020329,HD 020329,True,4,"[42, 43, 70, 71]"
HD_021520,HD 021520,True,5,"[3, 4, 30, 31, 97]"
HD_021749b,HD 021749b,True,15,"[1, 2, 3, 4, 28, 29, 30, 34, 61, 64, 68, 69, 95, 96, 97]"
HD_021749c,HD 021749c,True,15,"[1, 2, 3, 4, 28, 29, 30, 34, 61, 64, 68, 69, 95, 96, 97]"
HD_022946b,HD 022946b,True,5,"[3, 4, 30, 31, 97]"
HD_022946c,HD 022946c,True,5,"[3, 4, 30, 31, 97]"
HD_022946d,HD 022946d,True,5,"[3, 4, 30, 31, 97]"
HD_023472b,HD 023472b,True,15,"[1, 2, 3, 4, 11, 29, 30, 31, 34, 64, 68, 69, 95, 96, 97]"
HD_023472c,HD 023472c,True,15,"[1, 2, 3, 4, 11, 29, 30, 31, 34, 64, 68, 69, 95, 96, 97]"
HD_023472d,HD 023472d,True,15,"[1, 2, 3, 4, 11, 29, 30, 31, 34, 64, 68, 69, 95, 96, 97]"
HD_023472e,HD 023472e,True,15,"[1, 2, 3, 4, 11, 29, 30, 31, 34, 64, 68, 69, 95, 96, 97]"
HD_023472f,HD 023472f,True,15,"[1, 2, 3, 4, 11, 29, 30, 31, 34, 64, 68, 69, 95, 96, 97]"
HD_025463b,HD 025463b,True,6,"[5, 32, 43, 44, 70, 71]"
HD_025463c,HD 025463c,True,6,"[5, 32, 43, 44, 70, 71]"
HD_028109b,HD 028109b,True,44,"[1, 2, 3, 4, 5, 6, 7, 8, 9, 10, 11, 12, 13, 27, 28, 29, 30, 31, 33, 34, 35, 36, 37, 38, 39, 61, 62, 63, 64, 65, 66, 67, 68, 69, 87, 88, 89, 90, 93, 94, 95, 96, 97, 98]"
HD_028109c,HD 028109c,True,44,"[1, 2, 3, 4, 5, 6, 7, 8, 9, 10, 11, 12, 13, 27, 28, 29, 30, 31, 33, 34, 35, 36, 37, 38, 39, 61, 62, 63, 64, 65, 66, 67, 68, 69, 87, 88, 89, 90, 93, 94, 95, 96, 97, 98]"
HD_028109d,HD 028109d,True,44,"[1, 2, 3, 4, 5, 6, 7, 8, 9, 10, 11, 12, 13, 27, 28, 29, 30, 31, 33, 34, 35, 36, 37, 38, 39, 61, 62, 63, 64, 65, 66, 67, 68, 69, 87, 88, 89, 90, 93, 94, 95, 96, 97, 98]"
HD_035843c,HD 035843c,True,7,"[5, 6, 31, 32, 33, 87, 98]"
HD_042813b,HD 042813b,True,3,"[6, 33, 87]"
HD_042813c,HD 042813c,True,3,"[6, 33, 87]"
HD_042813d,HD 042813d,True,3,"[6, 33, 87]"
HD_056414,HD 056414,True,43,"[1, 2, 3, 4, 5, 6, 7, 8, 9, 10, 11, 12, 13, 28, 29, 30, 31, 32, 33, 34, 35, 36, 38, 39, 61, 62, 63, 64, 65, 66, 67, 68, 69, 87, 88, 89, 90, 93, 94, 95, 96, 97, 98]"
HD_060779,HD 060779,True,3,"[7, 34, 88]"
HD_063433b,HD 063433b,True,6,"[20, 44, 45, 46, 47, 72]"
HD_063433c,HD 063433c,True,6,"[20, 44, 45, 46, 47, 72]"
HD_063433d,HD 063433d,True,6,"[20, 44, 45, 46, 47, 72]"
HD_073344,HD 073344,True,4,"[45, 46, 71, 72]"
HD_073583b,HD 073583b,True,4,"[8, 34, 61, 88]"
HD_073583c,HD 073583c,True,4,"[8, 34, 61, 88]"
HD_077946,HD 077946,True,2,"[21, 47]"
HD_080606,HD 080606,True,2,"[21, 47]"
HD_080653,HD 080653,True,2,"[45, 46]"
HD_083342,HD 083342,True,5,"[21, 45, 46, 48, 72]"
HD_086226c,HD 086226c,True,6,"[9, 35, 62, 89, 99, 100]"
HD_088986,HD 088986,True,2,"[21, 48]"
HD_093963b,HD 093963b,True,2,"[22, 48]"
HD_093963c,HD 093963c,True,2,"[22, 48]"
HD_095338,HD 095338,True,6,"[10, 37, 63, 64, 90, 99]"
HD_097658,HD 097658,True,2,"[22, 49]"
HD_101581b,HD 101581b,False,0,
HD_101581c,HD 101581c,False,0,
HD_104067d,HD 104067d,False,0,
HD_106315b,HD 106315b,True,2,"[46, 91]"
HD_106315c,HD 106315c,True,2,"[46, 91]"
HD_108236b,HD 108236b,True,5,"[10, 11, 37, 99, 100]"
HD_108236c,HD 108236c,True,5,"[10, 11, 37, 99, 100]"
HD_108236d,HD 108236d,True,5,"[10, 11, 37, 99, 100]"
HD_108236e,HD 108236e,True,5,"[10, 11, 37, 99, 100]"
HD_108236f,HD 108236f,True,5,"[10, 11, 37, 99, 100]"
HD_110067b,HD 110067b,True,2,"[23, 49]"
HD_110067c,HD 110067c,True,2,"[23, 49]"
HD_110067d,HD 110067d,True,2,"[23, 49]"
HD_110067e,HD 110067e,True,2,"[23, 49]"
HD_110067f,HD 110067f,True,2,"[23, 49]"
HD_110067g,HD 110067g,True,2,"[23, 49]"
HD_110082,HD 110082,True,8,"[12, 13, 27, 65, 66, 67, 93, 94]"
HD_110113,HD 110113,True,4,"[10, 37, 64, 100]"
HD_114082,HD 114082,True,5,"[38, 64, 65, 99, 100]"
HD_118203,HD 118203,True,5,"[15, 16, 22, 49, 76]"
HD_119130,HD 119130,False,0,
HD_135694,HD 135694,True,18,"[14, 15, 16, 20, 21, 22, 26, 40, 41, 47, 49, 53, 56, 60, 74, 76, 80, 83]"
HD_136352b,HD 136352b,True,3,"[12, 38, 65]"
HD_136352c,HD 136352c,True,3,"[12, 38, 65]"
HD_136352d,HD 136352d,True,3,"[12, 38, 65]"
HD_137496,HD 137496,True,1,[91]
HD_148193,HD 148193,True,13,"[23, 24, 49, 50, 51, 52, 56, 76, 77, 78, 79, 83, 86]"
HD_149026,HD 149026,True,6,"[24, 25, 51, 52, 78, 79]"
HD_152843b,HD 152843b,True,3,"[25, 52, 79]"
HD_152843c,HD 152843c,True,3,"[25, 52, 79]"
HD_183579,HD 183579,True,4,"[13, 27, 67, 94]"
HD_189733,HD 189733,True,3,"[41, 54, 81]"
HD_191939b,HD 191939b,True,28,"[15, 16, 17, 18, 19, 21, 22, 24, 25, 41, 48, 49, 51, 52, 55, 56, 59, 60, 73, 75, 76, 77, 78, 79, 82, 83, 85, 86]"
HD_191939c,HD 191939c,True,28,"[15, 16, 17, 18, 19, 21, 22, 24, 25, 41, 48, 49, 51, 52, 55, 56, 59, 60, 73, 75, 76, 77, 78, 79, 82, 83, 85, 86]"
HD_191939d,HD 191939d,True,28,"[15, 16, 17, 18, 19, 21, 22, 24, 25, 41, 48, 49, 51, 52, 55, 56, 59, 60, 73, 75, 76, 77, 78, 79, 82, 83, 85, 86]"
HD_202772,HD 202772,True,5,"[1, 28, 68, 92, 95]"
HD_207496,HD 207496,True,4,"[13, 27, 67, 94]"
HD_207897,HD 207897,True,16,"[18, 19, 20, 25, 26, 40, 52, 53, 58, 59, 60, 73, 78, 79, 85, 86]"
HD_209458,HD 209458,True,2,"[56, 82]"
HD_212729b,HD 212729b,True,5,"[1, 13, 67, 94, 95]"
HD_213885,HD 213885,True,5,"[1, 27, 28, 68, 95]"
HD_219134b,HD 219134b,True,5,"[17, 24, 57, 77, 84]"
HD_219134c,HD 219134c,True,5,"[17, 24, 57, 77, 84]"
HD_219666,HD 219666,True,4,"[1, 28, 68, 95]"
HD_221416,HD 221416,True,3,"[2, 29, 96]"
HD_224018c,HD 224018c,True,2,"[42, 92]"
HD_260655b,HD 260655b,False,0,
HD_260655c,HD 260655c,False,0,
HD_271181,HD 271181,True,34,"[9, 10, 11, 12, 13, 27, 28, 29, 30, 31, 32, 33, 34, 35, 36, 37, 38, 39, 61, 62, 63, 64, 65, 66, 68, 69, 87, 89, 90, 93, 95, 96, 97, 98]"
HD_307842,HD 307842,True,7,"[10, 11, 37, 38, 63, 64, 90]"
HD_332231,HD 332231,True,7,"[14, 15, 41, 55, 75, 81, 82]"
HIP_00065,HIP 00065,True,9,"[1, 2, 28, 29, 68, 69, 95, 96, 102]"
HIP_08152b,HIP 08152b,True,3,"[3, 30, 97]"
HIP_08152c,HIP 08152c,True,3,"[3, 30, 97]"
HIP_09618b,HIP 09618b,True,6,"[17, 42, 43, 70, 71, 85]"
HIP_09618c,HIP 09618c,True,6,"[17, 42, 43, 70, 71, 85]"
HIP_33609,HIP 33609,True,6,"[33, 34, 35, 61, 87, 88]"
HIP_67522b,HIP 67522b,True,3,"[11, 38, 64]"
HIP_67522c,HIP 67522c,True,3,"[11, 38, 64]"
HIP_94235,HIP 94235,True,4,"[27, 67, 93, 94]"
HIP_97166,HIP 97166,True,39,"[14, 15, 16, 17, 19, 20, 21, 22, 23, 24, 25, 26, 40, 41, 47, 49, 50, 51, 52, 53, 54, 55, 56, 57, 58, 59, 60, 73, 74, 75, 77, 78, 79, 80, 81, 83, 84, 85, 86]"
HIP_113103b,HIP 113103b,True,3,"[28, 95, 96]"
HIP_113103c,HIP 113103c,True,3,"[28, 95, 96]"
HR_858b,HR 858b,True,4,"[4, 30, 31, 97]"
HR_858c,HR 858c,True,4,"[4, 30, 31, 97]"
HR_858d,HR 858d,True,4,"[4, 30, 31, 97]"
K2-002,K2-002,True,3,"[42, 70, 92]"
K2-003b,K2-003b,True,3,"[45, 46, 72]"
K2-003c,K2-003c,True,3,"[45, 46, 72]"
K2-003d,K2-003d,True,3,"[45, 46, 72]"
K2-018b,K2-018b,True,3,"[45, 46, 72]"
K2-019b,K2-019b,True,3,"[45, 46, 72]"
K2-019c,K2-019c,True,3,"[45, 46, 72]"
K2-019d,K2-019d,True,3,"[45, 46, 72]"
K2-021b,K2-021b,True,2,"[42, 92]"
K2-021c,K2-021c,True,2,"[42, 92]"
K2-024b,K2-024b,True,1,[91]
K2-024c,K2-024c,True,1,[91]
K2-025b,K2-025b,True,3,"[44, 70, 71]"
K2-026b,K2-026b,True,5,"[43, 44, 45, 71, 72]"
K2-027b,K2-027b,True,3,"[45, 46, 72]"
K2-028,K2-028,True,2,"[42, 92]"
K2-029,K2-029,True,4,"[43, 44, 70, 71]"
K2-030,K2-030,True,5,"[42, 43, 44, 70, 71]"
K2-031,K2-031,True,1,[91]
K2-032b,K2-032b,True,1,[91]
K2-032c,K2-032c,True,1,[91]
K2-032d,K2-032d,True,1,[91]
K2-032e,K2-032e,True,1,[91]
K2-034,K2-034,True,5,"[44, 45, 46, 71, 72]"
K2-036b,K2-036b,True,2,"[45, 46]"
K2-036c,K2-036c,True,2,"[45, 46]"
K2-038b,K2-038b,True,1,[91]
K2-038c,K2-038c,True,1,[91]
K2-039,K2-039,True,2,"[42, 92]"
K2-055,K2-055,True,2,"[42, 92]"
K2-056,K2-056,True,5,"[42, 43, 44, 70, 71]"
K2-060,K2-060,True,2,"[42, 92]"
K2-066,K2-066,True,1,[42]
K2-079,K2-079,True,5,"[42, 43, 44, 70, 71]"
K2-093b,K2-093b,True,8,"[7, 34, 44, 45, 46, 61, 72, 88]"
K2-093c,K2-093c,True,8,"[7, 34, 44, 45, 46, 61, 72, 88]"
K2-093d,K2-093d,True,8,"[7, 34, 44, 45, 46, 61, 72, 88]"
K2-095,K2-095,True,1,[72]
K2-098,K2-098,True,7,"[7, 34, 44, 45, 46, 71, 72]"
K2-099,K2-099,True,1,[91]
K2-100,K2-100,True,4,"[44, 45, 46, 72]"
K2-106b,K2-106b,True,2,"[42, 70]"
K2-106c,K2-106c,True,2,"[42, 70]"
K2-107,K2-107,False,0,
K2-108,K2-108,True,5,"[44, 45, 46, 71, 72]"
K2-110,K2-110,True,1,[91]
K2-111,K2-111,True,2,"[70, 71]"
K2-113,K2-113,True,3,"[42, 43, 70]"
K2-114,K2-114,True,5,"[7, 44, 45, 46, 72]"
K2-115,K2-115,True,6,"[7, 34, 45, 46, 71, 72]"
K2-133b,K2-133b,True,4,"[43, 44, 70, 71]"
K2-133c,K2-133c,True,4,"[43, 44, 70, 71]"
K2-133d,K2-133d,True,4,"[43, 44, 70, 71]"
K2-133e,K2-133e,True,4,"[43, 44, 70, 71]"
K2-136b,K2-136b,True,3,"[44, 70, 71]"
K2-136c,K2-136c,True,3,"[44, 70, 71]"
K2-136d,K2-136d,True,3,"[44, 70, 71]"
K2-137,K2-137,True,2,"[46, 91]"
K2-138b,K2-138b,True,2,"[42, 70]"
K2-138c,K2-138c,True,2,"[42, 70]"
K2-138d,K2-138d,True,2,"[42, 70]"
K2-138e,K2-138e,True,2,"[42, 70]"
K2-138f,K2-138f,True,2,"[42, 70]"
K2-138g,K2-138g,True,2,"[42, 70]"
K2-139,K2-139,True,1,[92]
K2-140,K2-140,True,2,"[46, 91]"
K2-141b,K2-141b,True,3,"[42, 70, 92]"
K2-155b,K2-155b,True,3,"[43, 44, 71]"
K2-155c,K2-155c,True,3,"[43, 44, 71]"
K2-155d,K2-155d,True,3,"[43, 44, 71]"
K2-157b,K2-157b,True,2,"[46, 91]"
K2-167b,K2-167b,True,5,"[2, 28, 42, 92, 96]"
K2-180,K2-180,True,8,"[34, 44, 45, 46, 61, 71, 72, 88]"
K2-182,K2-182,True,5,"[34, 44, 45, 46, 72]"
K2-199b,K2-199b,True,1,[91]
K2-199c,K2-199c,True,1,[91]
K2-212b,K2-212b,True,3,"[42, 43, 70]"
K2-216,K2-216,True,3,"[42, 43, 70]"
K2-222,K2-222,True,3,"[42, 43, 70]"
K2-229b,K2-229b,True,2,"[46, 91]"
K2-229c,K2-229c,True,2,"[46, 91]"
K2-229d,K2-229d,True,2,"[46, 91]"
K2-232,K2-232,True,3,"[43, 44, 71]"
K2-233b,K2-233b,True,1,[91]
K2-233c,K2-233c,True,1,[91]
K2-233d,K2-233d,True,1,[91]
K2-234,K2-234,True,2,"[45, 46]"
K2-236,K2-236,True,4,"[44, 45, 46, 72]"
K2-237,K2-237,True,3,"[12, 39, 91]"
K2-238,K2-238,True,2,"[42, 70]"
K2-260,K2-260,True,4,"[32, 43, 71, 98]"
K2-261,K2-261,True,5,"[9, 35, 45, 46, 72]"
K2-263,K2-263,True,4,"[44, 45, 46, 72]"
K2-265,K2-265,True,4,"[29, 42, 70, 92]"
K2-266b,K2-266b,True,6,"[35, 45, 46, 62, 72, 89]"
K2-266c,K2-266c,True,6,"[35, 45, 46, 62, 72, 89]"
K2-266d,K2-266d,True,6,"[35, 45, 46, 62, 72, 89]"
K2-266e,K2-266e,True,6,"[35, 45, 46, 62, 72, 89]"
K2-267,K2-267,True,5,"[32, 43, 44, 71, 98]"
K2-280,K2-280,True,1,[92]
K2-285b,K2-285b,True,3,"[42, 70, 92]"
K2-285c,K2-285c,True,3,"[42, 70, 92]"
K2-285d,K2-285d,True,3,"[42, 70, 92]"
K2-285e,K2-285e,True,3,"[42, 70, 92]"
K2-286,K2-286,True,1,[91]
K2-287,K2-287,True,1,[91]
K2-290b,K2-290b,True,1,[91]
K2-290c,K2-290c,True,1,[91]
K2-291,K2-291,True,2,"[43, 71]"
K2-295,K2-295,True,3,"[42, 43, 70]"
K2-310b,K2-310b,True,1,[91]
K2-310c,K2-310c,True,1,[91]
K2-314b,K2-314b,True,1,[91]
K2-314c,K2-314c,True,1,[91]
K2-314d,K2-314d,True,1,[91]
K2-329,K2-329,True,2,"[42, 92]"
K2-370,K2-370,True,4,"[43, 44, 70, 71]"
K2-415,K2-415,True,4,"[44, 45, 46, 72]"
K2-416,K2-416,True,2,"[42, 92]"
K2-417,K2-417,True,2,"[42, 92]"
KELT-01,KELT-01,True,3,"[17, 57, 84]"
KELT-02,KELT-02,True,5,"[43, 44, 45, 71, 72]"
KELT-03,KELT-03,True,2,"[21, 48]"
KELT-04,KELT-04,True,1,[48]
KELT-06,KELT-06,True,2,"[23, 49]"
KELT-07,KELT-07,True,9,"[19, 43, 44, 45, 59, 71, 73, 86, 1751]"
KELT-08,KELT-08,True,6,"[26, 40, 53, 54, 80, 81]"
KELT-09,KELT-09,True,6,"[14, 15, 41, 55, 75, 82]"
KELT-10,KELT-10,True,2,"[67, 94]"
KELT-11,KELT-11,True,4,"[9, 62, 89, 100]"
KELT-15,KELT-15,True,9,"[7, 9, 34, 35, 36, 61, 62, 88, 89]"
KELT-16,KELT-16,True,3,"[15, 41, 55]"
KELT-17,KELT-17,True,5,"[44, 45, 46, 71, 72]"
KELT-18,KELT-18,True,5,"[23, 48, 50, 75, 77]"
KELT-19,KELT-19,True,2,"[7, 87]"
KELT-20,KELT-20,True,7,"[14, 40, 41, 54, 74, 75, 81]"
KELT-21,KELT-21,True,5,"[41, 55, 75, 81, 82]"
KELT-23,KELT-23,True,19,"[14, 15, 16, 17, 21, 23, 41, 47, 48, 49, 50, 54, 57, 74, 75, 76, 77, 81, 84]"
KELT-24,KELT-24,True,10,"[14, 20, 21, 40, 41, 47, 48, 60, 74, 75]"
KELT-25,KELT-25,True,5,"[33, 34, 61, 87, 88]"
Kepler-004,Kepler-004,True,9,"[40, 41, 53, 54, 55, 74, 75, 80, 82]"
Kepler-005,Kepler-005,True,7,"[41, 54, 55, 74, 75, 81, 82]"
Kepler-006,Kepler-006,True,6,"[41, 54, 55, 56, 74, 75]"
Kepler-007,Kepler-007,True,8,"[40, 41, 54, 55, 74, 75, 80, 81]"
Kepler-008,Kepler-008,True,7,"[40, 41, 53, 54, 74, 80, 81]"
Kepler-009b,Kepler-009b,True,3,"[14, 80, 81]"
Kepler-009c,Kepler-009c,True,3,"[14, 80, 81]"
Kepler-009d,Kepler-009d,True,3,"[14, 80, 81]"
Kepler-010b,Kepler-010b,True,11,"[14, 40, 41, 53, 54, 55, 74, 75, 80, 81, 82]"
Kepler-010c,Kepler-010c,True,11,"[14, 40, 41, 53, 54, 55, 74, 75, 80, 81, 82]"
Kepler-011b,Kepler-011b,True,6,"[14, 15, 74, 75, 81, 82]"
Kepler-011c,Kepler-011c,True,6,"[14, 15, 74, 75, 81, 82]"
Kepler-011d,Kepler-011d,True,6,"[14, 15, 74, 75, 81, 82]"
Kepler-011e,Kepler-011e,True,6,"[14, 15, 74, 75, 81, 82]"
Kepler-011f,Kepler-011f,True,6,"[14, 15, 74, 75, 81, 82]"
Kepler-011g,Kepler-011g,True,6,"[14, 15, 74, 75, 81, 82]"
Kepler-012,Kepler-012,True,9,"[40, 41, 53, 54, 55, 74, 80, 81, 82]"
Kepler-013,Kepler-013,True,12,"[14, 15, 26, 40, 41, 53, 54, 55, 74, 75, 80, 82]"
Kepler-014,Kepler-014,True,13,"[14, 15, 26, 40, 41, 53, 54, 55, 74, 75, 80, 81, 82]"
Kepler-015,Kepler-015,True,11,"[40, 41, 54, 55, 56, 74, 75, 76, 81, 82, 83]"
Kepler-016,Kepler-016,True,17,"[14, 15, 26, 40, 41, 53, 54, 55, 56, 73, 74, 75, 76, 80, 81, 82, 83]"
Kepler-017,Kepler-017,True,10,"[14, 41, 54, 56, 74, 75, 76, 81, 82, 83]"
Kepler-018b,Kepler-018b,True,6,"[14, 15, 74, 75, 81, 82]"
Kepler-018c,Kepler-018c,True,6,"[14, 15, 74, 75, 81, 82]"
Kepler-018d,Kepler-018d,True,6,"[14, 15, 74, 75, 81, 82]"
Kepler-020b,Kepler-020b,True,9,"[40, 41, 53, 54, 74, 75, 80, 81, 82]"
Kepler-020c,Kepler-020c,True,9,"[40, 41, 53, 54, 74, 75, 80, 81, 82]"
Kepler-020d,Kepler-020d,True,9,"[40, 41, 53, 54, 74, 75, 80, 81, 82]"
Kepler-020e,Kepler-020e,True,9,"[40, 41, 53, 54, 74, 75, 80, 81, 82]"
Kepler-020f,Kepler-020f,True,9,"[40, 41, 53, 54, 74, 75, 80, 81, 82]"
Kepler-021,Kepler-021,True,7,"[14, 40, 41, 53, 54, 80, 81]"
Kepler-022,Kepler-022,True,10,"[40, 41, 53, 54, 55, 74, 75, 80, 81, 82]"
Kepler-025b,Kepler-025b,True,8,"[14, 40, 41, 53, 54, 74, 80, 81]"
Kepler-025c,Kepler-025c,True,8,"[14, 40, 41, 53, 54, 74, 80, 81]"
Kepler-026b,Kepler-026b,True,5,"[74, 75, 80, 81, 82]"
Kepler-026c,Kepler-026c,True,5,"[74, 75, 80, 81, 82]"
Kepler-029b,Kepler-029b,True,5,"[74, 75, 76, 81, 82]"
Kepler-029c,Kepler-029c,True,5,"[74, 75, 76, 81, 82]"
Kepler-030b,Kepler-030b,True,5,"[14, 26, 74, 80, 81]"
Kepler-030c,Kepler-030c,True,5,"[14, 26, 74, 80, 81]"
Kepler-030d,Kepler-030d,True,5,"[14, 26, 74, 80, 81]"
Kepler-031b,Kepler-031b,True,4,"[74, 75, 81, 82]"
Kepler-031c,Kepler-031c,True,4,"[74, 75, 81, 82]"
Kepler-032b,Kepler-032b,True,7,"[41, 54, 55, 74, 75, 81, 82]"
Kepler-032c,Kepler-032c,True,7,"[41, 54, 55, 74, 75, 81, 82]"
Kepler-032d,Kepler-032d,True,7,"[41, 54, 55, 74, 75, 81, 82]"
Kepler-032e,Kepler-032e,True,7,"[41, 54, 55, 74, 75, 81, 82]"
Kepler-032f,Kepler-032f,True,7,"[41, 54, 55, 74, 75, 81, 82]"
Kepler-033b,Kepler-033b,True,5,"[74, 75, 80, 81, 82]"
Kepler-033c,Kepler-033c,True,5,"[74, 75, 80, 81, 82]"
Kepler-033d,Kepler-033d,True,5,"[74, 75, 80, 81, 82]"
Kepler-033e,Kepler-033e,True,5,"[74, 75, 80, 81, 82]"
Kepler-033f,Kepler-033f,True,5,"[74, 75, 80, 81, 82]"
Kepler-034,Kepler-034,True,9,"[14, 15, 41, 54, 55, 74, 75, 81, 82]"
Kepler-035,Kepler-035,True,10,"[14, 15, 40, 41, 54, 55, 74, 75, 81, 82]"
Kepler-036b,Kepler-036b,True,11,"[14, 15, 40, 41, 54, 55, 74, 75, 80, 81, 82]"
Kepler-036c,Kepler-036c,True,11,"[14, 15, 40, 41, 54, 55, 74, 75, 80, 81, 82]"
Kepler-037b,Kepler-037b,True,9,"[14, 40, 41, 53, 54, 55, 75, 81, 82]"
Kepler-037c,Kepler-037c,True,9,"[14, 40, 41, 53, 54, 55, 75, 81, 82]"
Kepler-037d,Kepler-037d,True,9,"[14, 40, 41, 53, 54, 55, 75, 81, 82]"
Kepler-038,Kepler-038,True,9,"[14, 40, 41, 53, 55, 74, 75, 80, 81]"
Kepler-039,Kepler-039,True,4,"[74, 75, 81, 82]"
Kepler-040,Kepler-040,True,8,"[41, 54, 55, 56, 74, 75, 81, 82]"
Kepler-041,Kepler-041,True,6,"[40, 54, 74, 75, 81, 82]"
Kepler-043,Kepler-043,True,9,"[40, 41, 53, 55, 74, 75, 80, 81, 82]"
Kepler-044,Kepler-044,True,7,"[41, 54, 55, 74, 75, 81, 82]"
Kepler-045,Kepler-045,True,8,"[40, 41, 54, 55, 74, 75, 81, 82]"
Kepler-046b,Kepler-046b,True,4,"[74, 75, 80, 82]"
Kepler-047b,Kepler-047b,True,10,"[14, 15, 40, 41, 54, 55, 74, 75, 81, 82]"
Kepler-047c,Kepler-047c,True,10,"[14, 15, 40, 41, 54, 55, 74, 75, 81, 82]"
Kepler-047d,Kepler-047d,True,10,"[14, 15, 40, 41, 54, 55, 74, 75, 81, 82]"
Kepler-049b,Kepler-049b,True,4,"[74, 75, 81, 82]"
Kepler-049c,Kepler-049c,True,4,"[74, 75, 81, 82]"
Kepler-050b,Kepler-050b,True,11,"[26, 40, 41, 53, 54, 55, 74, 75, 80, 81, 82]"
Kepler-050c,Kepler-050c,True,11,"[26, 40, 41, 53, 54, 55, 74, 75, 80, 81, 82]"
Kepler-051b,Kepler-051b,True,9,"[14, 15, 56, 74, 75, 76, 81, 82, 83]"
Kepler-051c,Kepler-051c,True,9,"[14, 15, 56, 74, 75, 76, 81, 82, 83]"
Kepler-051d,Kepler-051d,True,9,"[14, 15, 56, 74, 75, 76, 81, 82, 83]"
Kepler-052b,Kepler-052b,True,10,"[40, 41, 53, 54, 55, 74, 75, 80, 81, 82]"
Kepler-052c,Kepler-052c,True,10,"[40, 41, 53, 54, 55, 74, 75, 80, 81, 82]"
Kepler-056b,Kepler-056b,True,8,"[40, 41, 54, 55, 74, 75, 81, 82]"
Kepler-056c,Kepler-056c,True,8,"[40, 41, 54, 55, 74, 75, 81, 82]"
Kepler-062b,Kepler-062b,True,10,"[40, 41, 53, 54, 55, 74, 75, 80, 81, 82]"
Kepler-062c,Kepler-062c,True,10,"[40, 41, 53, 54, 55, 74, 75, 80, 81, 82]"
Kepler-062d,Kepler-062d,True,10,"[40, 41, 53, 54, 55, 74, 75, 80, 81, 82]"
Kepler-062e,Kepler-062e,True,10,"[40, 41, 53, 54, 55, 74, 75, 80, 81, 82]"
Kepler-062f,Kepler-062f,True,10,"[40, 41, 53, 54, 55, 74, 75, 80, 81, 82]"
Kepler-063,Kepler-063,True,11,"[14, 40, 41, 53, 54, 55, 74, 75, 80, 81, 82]"
Kepler-064,Kepler-064,True,5,"[14, 15, 75, 81, 82]"
Kepler-065b,Kepler-065b,True,10,"[14, 40, 41, 54, 55, 74, 75, 80, 81, 82]"
Kepler-065c,Kepler-065c,True,10,"[14, 40, 41, 54, 55, 74, 75, 80, 81, 82]"
Kepler-065d,Kepler-065d,True,10,"[14, 40, 41, 54, 55, 74, 75, 80, 81, 82]"
Kepler-066,Kepler-066,False,0,
Kepler-067,Kepler-067,False,0,
Kepler-068b,Kepler-068b,True,11,"[14, 15, 40, 41, 54, 55, 74, 75, 80, 81, 82]"
Kepler-068c,Kepler-068c,True,11,"[14, 15, 40, 41, 54, 55, 74, 75, 80, 81, 82]"
Kepler-069b,Kepler-069b,True,4,"[74, 75, 81, 82]"
Kepler-069c,Kepler-069c,True,4,"[74, 75, 81, 82]"
Kepler-074,Kepler-074,True,8,"[40, 41, 54, 55, 74, 75, 81, 82]"
Kepler-075,Kepler-075,True,6,"[40, 41, 54, 74, 75, 81]"
Kepler-077,Kepler-077,True,7,"[40, 41, 54, 55, 74, 75, 81]"
Kepler-078,Kepler-078,True,9,"[14, 15, 40, 41, 54, 74, 75, 81, 82]"
Kepler-079b,Kepler-079b,True,6,"[14, 15, 74, 75, 81, 82]"
Kepler-079c,Kepler-079c,True,6,"[14, 15, 74, 75, 81, 82]"
Kepler-079d,Kepler-079d,True,6,"[14, 15, 74, 75, 81, 82]"
Kepler-079e,Kepler-079e,True,6,"[14, 15, 74, 75, 81, 82]"
Kepler-080b,Kepler-080b,True,5,"[41, 54, 55, 81, 82]"
Kepler-080c,Kepler-080c,True,5,"[41, 54, 55, 81, 82]"
Kepler-080d,Kepler-080d,True,5,"[41, 54, 55, 81, 82]"
Kepler-080e,Kepler-080e,True,5,"[41, 54, 55, 81, 82]"
Kepler-080f,Kepler-080f,True,5,"[41, 54, 55, 81, 82]"
Kepler-082b,Kepler-082b,True,8,"[40, 41, 54, 55, 74, 75, 81, 82]"
Kepler-082c,Kepler-082c,True,8,"[40, 41, 54, 55, 74, 75, 81, 82]"
Kepler-085b,Kepler-085b,True,4,"[74, 75, 80, 81]"
Kepler-085c,Kepler-085c,True,4,"[74, 75, 80, 81]"
Kepler-086,Kepler-086,True,12,"[40, 53, 54, 55, 73, 74, 75, 76, 80, 81, 82, 83]"
Kepler-087b,Kepler-087b,True,5,"[56, 74, 75, 81, 82]"
Kepler-087c,Kepler-087c,True,5,"[56, 74, 75, 81, 82]"
Kepler-088b,Kepler-088b,True,8,"[40, 41, 54, 55, 74, 75, 81, 82]"
Kepler-089b,Kepler-089b,True,9,"[14, 15, 41, 54, 55, 74, 75, 81, 82]"
Kepler-089c,Kepler-089c,True,9,"[14, 15, 41, 54, 55, 74, 75, 81, 82]"
Kepler-089d,Kepler-089d,True,9,"[14, 15, 41, 54, 55, 74, 75, 81, 82]"
Kepler-089e,Kepler-089e,True,9,"[14, 15, 41, 54, 55, 74, 75, 81, 82]"
Kepler-090b,Kepler-090b,True,5,"[74, 75, 80, 81, 82]"
Kepler-090c,Kepler-090c,True,5,"[74, 75, 80, 81, 82]"
Kepler-090d,Kepler-090d,True,5,"[74, 75, 80, 81, 82]"
Kepler-090e,Kepler-090e,True,5,"[74, 75, 80, 81, 82]"
Kepler-090f,Kepler-090f,True,5,"[74, 75, 80, 81, 82]"
Kepler-090g,Kepler-090g,True,5,"[74, 75, 80, 81, 82]"
Kepler-090h,Kepler-090h,True,5,"[74, 75, 80, 81, 82]"
Kepler-091,Kepler-091,True,11,"[14, 26, 40, 41, 53, 55, 74, 75, 80, 81, 82]"
Kepler-093b,Kepler-093b,True,7,"[14, 40, 41, 54, 55, 74, 75]"
Kepler-101b,Kepler-101b,True,3,"[80, 81, 82]"
Kepler-101c,Kepler-101c,True,3,"[80, 81, 82]"
Kepler-107b,Kepler-107b,True,7,"[41, 54, 55, 74, 75, 76, 83]"
Kepler-107c,Kepler-107c,True,7,"[41, 54, 55, 74, 75, 76, 83]"
Kepler-107d,Kepler-107d,True,7,"[41, 54, 55, 74, 75, 76, 83]"
Kepler-107e,Kepler-107e,True,7,"[41, 54, 55, 74, 75, 76, 83]"
Kepler-111c,Kepler-111c,True,4,"[74, 75, 81, 82]"
Kepler-117b,Kepler-117b,True,5,"[74, 75, 80, 81, 82]"
Kepler-117c,Kepler-117c,True,5,"[74, 75, 80, 81, 82]"
Kepler-128b,Kepler-128b,True,7,"[40, 41, 53, 54, 74, 80, 81]"
Kepler-128c,Kepler-128c,True,7,"[40, 41, 53, 54, 74, 80, 81]"
Kepler-129b,Kepler-129b,True,10,"[40, 41, 53, 54, 55, 74, 75, 80, 81, 82]"
Kepler-129c,Kepler-129c,True,10,"[40, 41, 53, 54, 55, 74, 75, 80, 81, 82]"
Kepler-138b,Kepler-138b,True,10,"[14, 40, 41, 54, 55, 74, 75, 80, 81, 82]"
Kepler-138c,Kepler-138c,True,10,"[14, 40, 41, 54, 55, 74, 75, 80, 81, 82]"
Kepler-138d,Kepler-138d,True,10,"[14, 40, 41, 54, 55, 74, 75, 80, 81, 82]"
Kepler-150f,Kepler-150f,True,2,"[80, 81]"
Kepler-160b,Kepler-160b,True,4,"[74, 75, 80, 81]"
Kepler-160c,Kepler-160c,True,4,"[74, 75, 80, 81]"
Kepler-167b,Kepler-167b,True,7,"[40, 41, 54, 55, 74, 81, 82]"
Kepler-167c,Kepler-167c,True,7,"[40, 41, 54, 55, 74, 81, 82]"
Kepler-167d,Kepler-167d,True,7,"[40, 41, 54, 55, 74, 81, 82]"
Kepler-167e,Kepler-167e,True,7,"[40, 41, 54, 55, 74, 81, 82]"
Kepler-186b,Kepler-186b,True,7,"[41, 54, 55, 74, 75, 81, 82]"
Kepler-186c,Kepler-186c,True,7,"[41, 54, 55, 74, 75, 81, 82]"
Kepler-186d,Kepler-186d,True,7,"[41, 54, 55, 74, 75, 81, 82]"
Kepler-186e,Kepler-186e,True,7,"[41, 54, 55, 74, 75, 81, 82]"
Kepler-186f,Kepler-186f,True,7,"[41, 54, 55, 74, 75, 81, 82]"
Kepler-278b,Kepler-278b,True,8,"[40, 41, 54, 55, 74, 75, 80, 81]"
Kepler-278c,Kepler-278c,True,8,"[40, 41, 54, 55, 74, 75, 80, 81]"
Kepler-289b,Kepler-289b,True,6,"[14, 15, 74, 75, 81, 82]"
Kepler-289c,Kepler-289c,True,6,"[14, 15, 74, 75, 81, 82]"
Kepler-289d,Kepler-289d,True,6,"[14, 15, 74, 75, 81, 82]"
Kepler-296b,Kepler-296b,True,8,"[40, 41, 53, 54, 55, 80, 81, 82]"
Kepler-296c,Kepler-296c,True,8,"[40, 41, 53, 54, 55, 80, 81, 82]"
Kepler-296d,Kepler-296d,True,8,"[40, 41, 53, 54, 55, 80, 81, 82]"
Kepler-296e,Kepler-296e,True,8,"[40, 41, 53, 54, 55, 80, 81, 82]"
Kepler-296f,Kepler-296f,True,8,"[40, 41, 53, 54, 55, 80, 81, 82]"
Kepler-305b,Kepler-305b,True,4,"[74, 75, 81, 82]"
Kepler-305c,Kepler-305c,True,4,"[74, 75, 81, 82]"
Kepler-391b,Kepler-391b,True,7,"[74, 75, 76, 80, 81, 82, 83]"
Kepler-391c,Kepler-391c,True,7,"[74, 75, 76, 80, 81, 82, 83]"
Kepler-410,Kepler-410,True,11,"[14, 26, 40, 41, 53, 54, 55, 74, 75, 80, 82]"
Kepler-411b,Kepler-411b,True,12,"[14, 26, 40, 41, 53, 54, 55, 74, 75, 80, 81, 82]"
Kepler-411c,Kepler-411c,True,12,"[14, 26, 40, 41, 53, 54, 55, 74, 75, 80, 81, 82]"
Kepler-411d,Kepler-411d,True,12,"[14, 26, 40, 41, 53, 54, 55, 74, 75, 80, 81, 82]"
Kepler-412,Kepler-412,True,11,"[14, 26, 40, 41, 53, 55, 74, 75, 80, 81, 82]"
Kepler-413,Kepler-413,True,15,"[14, 15, 26, 40, 41, 53, 54, 55, 56, 74, 75, 80, 81, 82, 83]"
Kepler-419,Kepler-419,True,7,"[15, 56, 74, 75, 81, 82, 83]"
Kepler-420,Kepler-420,True,4,"[74, 75, 81, 82]"
Kepler-421,Kepler-421,True,9,"[40, 41, 53, 54, 55, 74, 75, 80, 82]"
Kepler-422,Kepler-422,True,10,"[40, 41, 53, 54, 55, 74, 75, 80, 81, 82]"
Kepler-423,Kepler-423,True,7,"[40, 41, 54, 55, 74, 75, 81]"
Kepler-424,Kepler-424,True,9,"[15, 41, 54, 55, 56, 74, 76, 82, 83]"
Kepler-425,Kepler-425,True,8,"[40, 41, 54, 55, 74, 75, 80, 82]"
Kepler-426,Kepler-426,True,10,"[40, 41, 53, 54, 55, 74, 75, 80, 81, 82]"
Kepler-427,Kepler-427,True,1,[80]
Kepler-428,Kepler-428,True,7,"[40, 41, 54, 55, 74, 75, 82]"
Kepler-430b,Kepler-430b,True,4,"[74, 75, 81, 82]"
Kepler-430c,Kepler-430c,True,4,"[74, 75, 81, 82]"
Kepler-431b,Kepler-431b,True,7,"[26, 40, 41, 53, 74, 80, 81]"
Kepler-431c,Kepler-431c,True,7,"[26, 40, 41, 53, 74, 80, 81]"
Kepler-431d,Kepler-431d,True,7,"[26, 40, 41, 53, 74, 80, 81]"
Kepler-432,Kepler-432,True,7,"[40, 54, 55, 74, 75, 81, 82]"
Kepler-433,Kepler-433,True,5,"[54, 55, 74, 81, 82]"
Kepler-434,Kepler-434,True,4,"[74, 75, 81, 82]"
Kepler-435,Kepler-435,True,8,"[40, 41, 54, 55, 74, 75, 81, 82]"
Kepler-436b,Kepler-436b,False,0,
Kepler-437b,Kepler-437b,True,4,"[74, 75, 81, 82]"
Kepler-438b,Kepler-438b,True,7,"[40, 41, 53, 54, 74, 80, 81]"
Kepler-439b,Kepler-439b,True,2,"[74, 80]"
Kepler-440b,Kepler-440b,True,6,"[40, 41, 53, 54, 80, 81]"
Kepler-441b,Kepler-441b,True,6,"[40, 41, 55, 80, 81, 82]"
Kepler-442b,Kepler-442b,True,2,"[80, 81]"
Kepler-443b,Kepler-443b,True,3,"[80, 81, 82]"
Kepler-444b,Kepler-444b,False,0,
Kepler-444c,Kepler-444c,False,0,
Kepler-444d,Kepler-444d,False,0,
Kepler-444e,Kepler-444e,False,0,
Kepler-444f,Kepler-444f,False,0,
Kepler-447,Kepler-447,True,10,"[40, 41, 53, 54, 55, 74, 75, 80, 81, 82]"
Kepler-448,Kepler-448,True,7,"[14, 15, 54, 55, 74, 81, 82]"
Kepler-453,Kepler-453,True,11,"[14, 26, 40, 41, 53, 54, 55, 75, 80, 81, 82]"
Kepler-454,Kepler-454,True,6,"[40, 53, 54, 74, 80, 81]"
Kepler-492,Kepler-492,True,4,"[74, 75, 81, 82]"
Kepler-503,Kepler-503,True,1,[74]
Kepler-511b,Kepler-511b,True,4,"[75, 80, 81, 82]"
Kepler-511c,Kepler-511c,True,4,"[75, 80, 81, 82]"
Kepler-538,Kepler-538,True,10,"[14, 15, 41, 54, 55, 74, 76, 81, 82, 83]"
Kepler-539,Kepler-539,True,6,"[41, 54, 55, 74, 81, 82]"
Kepler-553b,Kepler-553b,True,3,"[76, 82, 83]"
Kepler-553c,Kepler-553c,True,3,"[76, 82, 83]"
Kepler-693,Kepler-693,True,3,"[74, 80, 81]"
Kepler-730b,Kepler-730b,True,6,"[40, 41, 53, 55, 80, 82]"
Kepler-730c,Kepler-730c,True,6,"[40, 41, 53, 55, 80, 82]"
Kepler-849,Kepler-849,True,5,"[74, 75, 80, 81, 82]"
Kepler-1514b,Kepler-1514b,True,8,"[40, 41, 54, 55, 74, 75, 81, 82]"
Kepler-1514c,Kepler-1514c,True,8,"[40, 41, 54, 55, 74, 75, 81, 82]"
Kepler-1625,Kepler-1625,False,0,
Kepler-1647,Kepler-1647,True,9,"[14, 15, 41, 54, 55, 74, 75, 81, 82]"
Kepler-1649b,Kepler-1649b,True,4,"[40, 41, 54, 55]"
Kepler-1654,Kepler-1654,True,6,"[40, 41, 53, 54, 74, 75]"
Kepler-1655,Kepler-1655,True,6,"[40, 41, 53, 54, 80, 81]"
Kepler-1656,Kepler-1656,True,7,"[40, 41, 53, 54, 74, 80, 81]"
Kepler-1657,Kepler-1657,True,4,"[74, 75, 81, 82]"
Kepler-1659b,Kepler-1659b,True,4,"[74, 75, 81, 82]"
Kepler-1659c,Kepler-1659c,True,4,"[74, 75, 81, 82]"
Kepler-1661,Kepler-1661,True,8,"[14, 26, 40, 41, 53, 54, 80, 81]"
Kepler-1704,Kepler-1704,True,9,"[40, 56, 74, 75, 76, 80, 81, 82, 83]"
Kepler-1928,Kepler-1928,True,5,"[40, 41, 74, 75, 81]"
KOI-134,KOI-134,True,4,"[74, 75, 81, 82]"
KOI-415,KOI-415,True,4,"[74, 75, 81, 82]"
KOI-4777,KOI-4777,True,5,"[40, 41, 53, 80, 81]"
KPS-1,KPS-1,True,6,"[21, 41, 47, 48, 74, 75]"
L98-59b,L98-59b,True,27,"[2, 5, 8, 9, 10, 11, 12, 28, 29, 32, 35, 36, 37, 38, 39, 61, 62, 63, 64, 65, 69, 87, 88, 89, 90, 96, 98]"
L98-59c,L98-59c,True,27,"[2, 5, 8, 9, 10, 11, 12, 28, 29, 32, 35, 36, 37, 38, 39, 61, 62, 63, 64, 65, 69, 87, 88, 89, 90, 96, 98]"
L98-59d,L98-59d,True,27,"[2, 5, 8, 9, 10, 11, 12, 28, 29, 32, 35, 36, 37, 38, 39, 61, 62, 63, 64, 65, 69, 87, 88, 89, 90, 96, 98]"
L168-9,L168-9,True,4,"[1, 28, 68, 95]"
LHS_0475,LHS 0475,True,8,"[12, 13, 27, 39, 66, 67, 93, 94]"
LHS_1140b,LHS 1140b,True,2,"[3, 30]"
LHS_1140c,LHS 1140c,True,2,"[3, 30]"
LHS_1478,LHS 1478,True,10,"[18, 19, 25, 26, 52, 53, 59, 73, 79, 86]"
LHS_1678b,LHS 1678b,False,0,
LHS_1678c,LHS 1678c,False,0,
LHS_1678d,LHS 1678d,False,0,
LHS_1815,LHS 1815,True,42,"[1, 2, 3, 4, 5, 7, 8, 9, 10, 11, 12, 13, 27, 28, 29, 30, 31, 32, 33, 34, 35, 36, 37, 38, 39, 61, 62, 64, 65, 66, 67, 68, 69, 87, 88, 89, 93, 94, 95, 96, 97, 98]"
LHS_1903b,LHS 1903b,False,0,
LHS_1903c,LHS 1903c,False,0,
LHS_1903d,LHS 1903d,False,0,
LHS_1903e,LHS 1903e,False,0,
LHS_3844,LHS 3844,True,7,"[1, 27, 28, 67, 68, 94, 95]"
LHS_6343,LHS 6343,True,10,"[40, 41, 53, 54, 55, 74, 75, 80, 81, 82]"
LP_714-47,LP 714-47,True,2,"[5, 32]"
LP_791-18b,LP 791-18b,True,5,"[9, 36, 63, 90, 100]"
LP_791-18c,LP 791-18c,True,5,"[9, 36, 63, 90, 100]"
LP_791-18d,LP 791-18d,True,5,"[9, 36, 63, 90, 100]"
LP_890-9b,LP 890-9b,False,0,
LP_890-9c,LP 890-9c,False,0,
LTT_1445Ab,LTT 1445Ab,True,2,"[4, 31]"
LTT_1445Ac,LTT 1445Ac,False,0,
LTT_3780b,LTT 3780b,False,0,
LTT_3780c,LTT 3780c,False,0,
LTT_9779,LTT 9779,True,4,"[2, 29, 69, 96]"
MASCARA-1,MASCARA-1,True,2,"[55, 82]"
MASCARA-4,MASCARA-4,True,4,"[36, 38, 63, 90]"
NGTS-01,NGTS-01,True,6,"[5, 6, 32, 33, 87, 98]"
NGTS-02,NGTS-02,True,1,[38]
NGTS-03,NGTS-03,True,3,"[33, 87, 98]"
NGTS-04,NGTS-04,True,4,"[32, 33, 87, 98]"
NGTS-05,NGTS-05,True,1,[51]
NGTS-06,NGTS-06,True,3,"[5, 32, 98]"
NGTS-08,NGTS-08,True,1,[92]
NGTS-09,NGTS-09,True,3,"[35, 62, 89]"
NGTS-10,NGTS-10,True,2,"[87, 98]"
NGTS-11b,NGTS-11b,True,2,"[30, 97]"
NGTS-11c,NGTS-11c,True,2,"[30, 97]"
NGTS-12,NGTS-12,True,3,"[63, 90, 100]"
NGTS-13,NGTS-13,True,3,"[63, 90, 100]"
NGTS-14,NGTS-14,True,1,[95]
NGTS-15,NGTS-15,True,1,[98]
NGTS-16,NGTS-16,False,0,
NGTS-17,NGTS-17,True,1,[98]
NGTS-18,NGTS-18,True,3,"[63, 90, 100]"
NGTS-19,NGTS-19,False,0,
NGTS-20,NGTS-20,True,1,[31]
NGTS-21,NGTS-21,True,1,[95]
NGTS-23,NGTS-23,True,1,[98]
NGTS-24,NGTS-24,True,4,"[63, 90, 99, 100]"
NGTS-25,NGTS-25,False,0,
NGTS-26,NGTS-26,False,0,
NGTS-27,NGTS-27,True,1,[64]
NGTS-28,NGTS-28,True,2,"[38, 64]"
NGTS-29,NGTS-29,True,4,"[5, 31, 32, 98]"
NGTS-30,NGTS-30,True,3,"[63, 90, 100]"
NGTS-31,NGTS-31,True,1,[98]
NGTS-32,NGTS-32,False,0,
NGTS-33,NGTS-33,True,2,"[87, 88]"
NGTS-34,NGTS-34,False,0,
NGTS-35,NGTS-35,False,0,
NGTS-36,NGTS-36,True,3,"[4, 5, 98]"
NGTS-38,NGTS-38,False,0,
NLTT_41135,NLTT 41135,False,0,
OGLE-TR-010,OGLE-TR-010,True,3,"[39, 91, 92]"
OGLE-TR-056,OGLE-TR-056,True,3,"[39, 91, 92]"
OGLE-TR-111,OGLE-TR-111,True,5,"[10, 11, 63, 64, 90]"
OGLE-TR-113,OGLE-TR-113,True,4,"[63, 64, 90, 99]"
OGLE-TR-132,OGLE-TR-132,True,6,"[10, 11, 37, 63, 64, 90]"
OGLE-TR-182,OGLE-TR-182,True,5,"[10, 11, 37, 64, 90]"
OGLE-TR-211,OGLE-TR-211,True,5,"[10, 11, 63, 64, 90]"
OGLE-TR-L9,OGLE-TR-L9,False,0,
POTS-1,POTS-1,True,3,"[11, 38, 65]"
Qatar-1,Qatar-1,True,20,"[17, 21, 24, 25, 41, 48, 51, 55, 56, 57, 59, 75, 76, 77, 78, 82, 83, 84, 85, 86]"
Qatar-2,Qatar-2,False,0,
Qatar-3,Qatar-3,False,0,
Qatar-4,Qatar-4,False,0,
Qatar-5,Qatar-5,False,0,
Qatar-6,Qatar-6,False,0,
Qatar-7,Qatar-7,False,0,
Qatar-8,Qatar-8,False,0,
Qatar-9,Qatar-9,False,0,
Qatar-10,Qatar-10,False,0,
Ross_176,Ross 176,True,5,"[56, 75, 76, 82, 83]"
SPECULOOS-3,SPECULOOS-3,False,0,
TIC_4672985,TIC 4672985,True,1,[31]
TIC_9344899,TIC 9344899,True,1,[98]
TIC_13344668,TIC 13344668,True,1,[32]
TIC_46432937,TIC 46432937,True,1,[98]
TIC_52059926,TIC 52059926,True,4,"[68, 69, 95, 96]"
TIC_63921468,TIC 63921468,True,1,[30]
TIC_87422071,TIC 87422071,True,1,[93]
TIC_88785435,TIC 88785435,False,0,
TIC_118798035b,TIC 118798035b,False,0,
TIC_118798035c,TIC 118798035c,False,0,
TIC_118798035d,TIC 118798035d,False,0,
TIC_139270665,TIC 139270665,True,1,[47]
TIC_147027702,TIC 147027702,True,2,"[99, 100]"
TIC_241249530,TIC 241249530,True,1,[60]
TIC_245076932,TIC 245076932,True,2,"[99, 100]"
TIC_279401253,TIC 279401253,True,1,[31]
TIC_365102760,TIC 365102760,True,1,[56]
TIC_434398831b,TIC 434398831b,False,0,
TIC_434398831c,TIC 434398831c,False,0,
TIC_466376085,TIC 466376085,False,0,
TIDYE-1,TIDYE-1,False,0,
TOI-122,TOI-122,True,6,"[1, 27, 28, 67, 68, 95]"
TOI-125b,TOI-125b,True,7,"[1, 2, 28, 68, 69, 95, 96]"
TOI-125c,TOI-125c,True,7,"[1, 2, 28, 68, 69, 95, 96]"
TOI-125d,TOI-125d,True,7,"[1, 2, 28, 68, 69, 95, 96]"
TOI-130,TOI-130,True,9,"[1, 12, 13, 27, 39, 66, 93, 94, 95]"
TOI-132,TOI-132,True,4,"[1, 28, 68, 95]"
TOI-150,TOI-150,True,39,"[4, 5, 6, 9, 10, 11, 12, 13, 27, 28, 29, 30, 31, 32, 33, 34, 35, 36, 37, 39, 61, 62, 63, 64, 65, 66, 67, 68, 69, 87, 88, 89, 90, 93, 94, 95, 96, 97, 98]"
TOI-157,TOI-157,True,35,"[9, 11, 12, 13, 27, 28, 29, 30, 31, 32, 33, 34, 35, 36, 37, 38, 39, 61, 62, 63, 64, 65, 66, 67, 68, 69, 87, 88, 89, 90, 93, 94, 95, 96, 98]"
TOI-169,TOI-169,True,6,"[13, 27, 28, 67, 68, 95]"
TOI-172,TOI-172,True,4,"[28, 68, 92, 95]"
TOI-178b,TOI-178b,True,3,"[2, 29, 69]"
TOI-178c,TOI-178c,True,3,"[2, 29, 69]"
TOI-178d,TOI-178d,True,3,"[2, 29, 69]"
TOI-178e,TOI-178e,True,3,"[2, 29, 69]"
TOI-178f,TOI-178f,True,3,"[2, 29, 69]"
TOI-178g,TOI-178g,True,3,"[2, 29, 69]"
TOI-179,TOI-179,True,6,"[2, 3, 29, 30, 96, 97]"
TOI-181,TOI-181,True,4,"[2, 29, 69, 96]"
TOI-198,TOI-198,True,4,"[2, 29, 69, 96]"
TOI-199,TOI-199,True,42,"[1, 2, 3, 4, 5, 6, 7, 8, 9, 10, 11, 12, 13, 27, 29, 30, 31, 32, 33, 34, 35, 36, 37, 39, 61, 62, 63, 64, 66, 67, 68, 69, 87, 88, 89, 90, 93, 94, 95, 96, 97, 98]"
TOI-201b,TOI-201b,True,37,"[1, 2, 3, 4, 5, 6, 7, 8, 10, 11, 12, 13, 27, 28, 29, 30, 31, 32, 33, 34, 35, 36, 37, 38, 39, 61, 64, 65, 67, 68, 87, 88, 94, 95, 96, 97, 98]"
TOI-201c,TOI-201c,True,37,"[1, 2, 3, 4, 5, 6, 7, 8, 10, 11, 12, 13, 27, 28, 29, 30, 31, 32, 33, 34, 35, 36, 37, 38, 39, 61, 64, 65, 67, 68, 87, 88, 94, 95, 96, 97, 98]"
TOI-216b,TOI-216b,True,43,"[1, 2, 3, 4, 5, 6, 7, 8, 9, 11, 12, 13, 27, 28, 29, 30, 31, 32, 33, 34, 35, 36, 37, 38, 39, 61, 62, 63, 64, 65, 66, 67, 68, 69, 87, 88, 89, 90, 93, 94, 95, 96, 98]"
TOI-216c,TOI-216c,True,43,"[1, 2, 3, 4, 5, 6, 7, 8, 9, 11, 12, 13, 27, 28, 29, 30, 31, 32, 33, 34, 35, 36, 37, 38, 39, 61, 62, 63, 64, 65, 66, 67, 68, 69, 87, 88, 89, 90, 93, 94, 95, 96, 98]"
TOI-220,TOI-220,True,38,"[1, 2, 4, 5, 6, 7, 8, 9, 10, 11, 12, 27, 28, 29, 31, 32, 34, 35, 36, 37, 38, 39, 61, 62, 63, 65, 66, 68, 69, 87, 88, 89, 90, 93, 95, 96, 97, 98]"
TOI-237b,TOI-237b,False,0,
TOI-237c,TOI-237c,False,0,
TOI-238b,TOI-238b,True,4,"[2, 29, 69, 96]"
TOI-238c,TOI-238c,True,4,"[2, 29, 69, 96]"
TOI-244,TOI-244,True,4,"[2, 29, 69, 96]"
TOI-251,TOI-251,True,4,"[2, 29, 69, 96]"
TOI-257,TOI-257,True,4,"[3, 4, 30, 97]"
TOI-260,TOI-260,True,3,"[3, 42, 70]"
TOI-263,TOI-263,True,3,"[3, 30, 97]"
TOI-269,TOI-269,True,21,"[3, 4, 5, 6, 10, 13, 30, 31, 32, 33, 36, 63, 64, 66, 67, 87, 90, 93, 94, 97, 98]"
TOI-270b,TOI-270b,True,7,"[3, 4, 5, 30, 32, 97, 98]"
TOI-270c,TOI-270c,True,7,"[3, 4, 5, 30, 32, 97, 98]"
TOI-270d,TOI-270d,True,7,"[3, 4, 5, 30, 32, 97, 98]"
TOI-277,TOI-277,True,3,"[3, 30, 97]"
TOI-283,TOI-283,True,40,"[1, 2, 3, 4, 5, 6, 7, 8, 9, 10, 11, 12, 13, 27, 28, 29, 30, 31, 32, 33, 34, 35, 36, 37, 38, 39, 61, 62, 64, 65, 68, 69, 87, 88, 89, 90, 95, 96, 97, 98]"
TOI-286b,TOI-286b,True,44,"[1, 2, 3, 4, 5, 7, 8, 9, 10, 11, 12, 13, 27, 28, 29, 30, 31, 32, 33, 34, 35, 36, 37, 38, 39, 61, 62, 63, 64, 65, 66, 67, 68, 69, 87, 88, 89, 90, 93, 94, 95, 96, 97, 98]"
TOI-286c,TOI-286c,True,44,"[1, 2, 3, 4, 5, 7, 8, 9, 10, 11, 12, 13, 27, 28, 29, 30, 31, 32, 33, 34, 35, 36, 37, 38, 39, 61, 62, 63, 64, 65, 66, 67, 68, 69, 87, 88, 89, 90, 93, 94, 95, 96, 97, 98]"
TOI-332,TOI-332,True,6,"[1, 2, 28, 68, 95, 96]"
TOI-333,TOI-333,True,3,"[29, 69, 96]"
TOI-375b,TOI-375b,True,12,"[13, 27, 28, 39, 66, 67, 68, 89, 93, 94, 95, 96]"
TOI-406b,TOI-406b,False,0,
TOI-406c,TOI-406c,False,0,
TOI-421b,TOI-421b,True,4,"[5, 6, 32, 98]"
TOI-421c,TOI-421c,True,4,"[5, 6, 32, 98]"
TOI-431b,TOI-431b,True,4,"[5, 6, 32, 98]"
TOI-431d,TOI-431d,True,4,"[5, 6, 32, 98]"
TOI-444,TOI-444,True,4,"[4, 5, 31, 32]"
TOI-451b,TOI-451b,True,3,"[4, 5, 31]"
TOI-451c,TOI-451c,True,3,"[4, 5, 31]"
TOI-451d,TOI-451d,True,3,"[4, 5, 31]"
TOI-470,TOI-470,True,3,"[6, 33, 87]"
TOI-481,TOI-481,True,26,"[6, 7, 9, 10, 13, 27, 30, 33, 34, 35, 36, 37, 61, 62, 63, 67, 68, 69, 87, 88, 89, 90, 94, 95, 96, 97]"
TOI-500b,TOI-500b,True,9,"[6, 7, 8, 33, 34, 35, 61, 87, 88]"
TOI-503,TOI-503,True,7,"[7, 34, 44, 45, 46, 71, 72]"
TOI-519,TOI-519,True,4,"[7, 34, 61, 88]"
TOI-521,TOI-521,True,7,"[7, 34, 44, 45, 46, 71, 72]"
TOI-530,TOI-530,True,7,"[6, 33, 44, 45, 71, 72, 87]"
TOI-532,TOI-532,True,4,"[6, 71, 72, 98]"
TOI-540,TOI-540,True,6,"[4, 5, 6, 31, 32, 98]"
TOI-544,TOI-544,True,3,"[6, 32, 98]"
TOI-558,TOI-558,True,4,"[29, 30, 96, 97]"
TOI-559,TOI-559,True,2,"[31, 97]"
TOI-561b,TOI-561b,True,5,"[8, 35, 45, 46, 72]"
TOI-561c,TOI-561c,True,5,"[8, 35, 45, 46, 72]"
TOI-561d,TOI-561d,True,5,"[8, 35, 45, 46, 72]"
TOI-561e,TOI-561e,True,5,"[8, 35, 45, 46, 72]"
TOI-564,TOI-564,True,5,"[8, 34, 61, 88, 99]"
TOI-569,TOI-569,True,5,"[7, 8, 34, 35, 88]"
TOI-615,TOI-615,True,3,"[35, 62, 89]"
TOI-620,TOI-620,True,5,"[8, 35, 62, 89, 99]"
TOI-622,TOI-622,True,8,"[8, 9, 34, 35, 61, 62, 88, 89]"
TOI-628,TOI-628,True,1,[87]
TOI-629,TOI-629,True,2,"[33, 87]"
TOI-640,TOI-640,True,3,"[33, 34, 87]"
TOI-654,TOI-654,True,7,"[9, 36, 45, 46, 62, 72, 100]"
TOI-663b,TOI-663b,True,5,"[9, 35, 62, 89, 100]"
TOI-663c,TOI-663c,True,5,"[9, 35, 62, 89, 100]"
TOI-663d,TOI-663d,True,5,"[9, 35, 62, 89, 100]"
TOI-669,TOI-669,True,4,"[9, 35, 62, 89]"
TOI-672,TOI-672,True,7,"[9, 10, 36, 63, 90, 99, 100]"
TOI-674,TOI-674,True,7,"[9, 10, 36, 63, 90, 99, 100]"
TOI-677,TOI-677,True,8,"[9, 10, 35, 36, 62, 63, 89, 90]"
TOI-700b,TOI-700b,True,37,"[1, 3, 4, 5, 6, 7, 8, 9, 10, 11, 13, 27, 28, 30, 31, 33, 34, 35, 36, 37, 38, 61, 62, 63, 64, 65, 66, 68, 69, 87, 88, 89, 90, 93, 95, 96, 97]"
TOI-700c,TOI-700c,True,37,"[1, 3, 4, 5, 6, 7, 8, 9, 10, 11, 13, 27, 28, 30, 31, 33, 34, 35, 36, 37, 38, 61, 62, 63, 64, 65, 66, 68, 69, 87, 88, 89, 90, 93, 95, 96, 97]"
TOI-700d,TOI-700d,True,37,"[1, 3, 4, 5, 6, 7, 8, 9, 10, 11, 13, 27, 28, 30, 31, 33, 34, 35, 36, 37, 38, 61, 62, 63, 64, 65, 66, 68, 69, 87, 88, 89, 90, 93, 95, 96, 97]"
TOI-700e,TOI-700e,True,37,"[1, 3, 4, 5, 6, 7, 8, 9, 10, 11, 13, 27, 28, 30, 31, 33, 34, 35, 36, 37, 38, 61, 62, 63, 64, 65, 66, 68, 69, 87, 88, 89, 90, 93, 95, 96, 97]"
TOI-707,TOI-707,True,37,"[1, 2, 3, 4, 5, 6, 7, 8, 9, 11, 12, 13, 28, 29, 30, 31, 32, 33, 34, 35, 36, 38, 39, 61, 62, 64, 65, 66, 67, 69, 87, 88, 89, 93, 94, 96, 98]"
TOI-712b,TOI-712b,True,30,"[3, 4, 6, 7, 9, 10, 11, 13, 27, 29, 30, 31, 33, 34, 36, 37, 39, 61, 62, 63, 64, 65, 66, 67, 89, 90, 93, 94, 97, 98]"
TOI-712c,TOI-712c,True,30,"[3, 4, 6, 7, 9, 10, 11, 13, 27, 29, 30, 31, 33, 34, 36, 37, 39, 61, 62, 63, 64, 65, 66, 67, 89, 90, 93, 94, 97, 98]"
TOI-712d,TOI-712d,True,30,"[3, 4, 6, 7, 9, 10, 11, 13, 27, 29, 30, 31, 33, 34, 36, 37, 39, 61, 62, 63, 64, 65, 66, 67, 89, 90, 93, 94, 97, 98]"
TOI-715,TOI-715,True,43,"[1, 2, 3, 4, 5, 6, 7, 8, 9, 10, 11, 12, 13, 27, 29, 30, 31, 32, 33, 34, 35, 36, 37, 39, 61, 62, 63, 64, 65, 66, 67, 68, 69, 87, 88, 89, 90, 93, 94, 95, 96, 97, 98]"
TOI-733,TOI-733,True,6,"[9, 36, 63, 90, 99, 100]"
TOI-756b,TOI-756b,True,5,"[10, 11, 37, 64, 100]"
TOI-757,TOI-757,True,3,"[10, 37, 64]"
TOI-762,TOI-762,True,7,"[10, 36, 37, 63, 90, 99, 100]"
TOI-771,TOI-771,True,7,"[10, 11, 12, 37, 38, 64, 65]"
TOI-776b,TOI-776b,True,5,"[10, 37, 63, 90, 100]"
TOI-776c,TOI-776c,True,5,"[10, 37, 63, 90, 100]"
TOI-778,TOI-778,True,3,"[10, 37, 91]"
TOI-782,TOI-782,True,4,"[10, 36, 63, 90]"
TOI-811,TOI-811,True,3,"[32, 33, 98]"
TOI-813,TOI-813,True,39,"[4, 5, 6, 8, 9, 10, 11, 12, 13, 27, 28, 29, 30, 31, 32, 33, 34, 35, 36, 37, 38, 39, 61, 62, 63, 64, 65, 66, 67, 68, 69, 87, 89, 90, 93, 95, 96, 97, 98]"
TOI-815b,TOI-815b,True,5,"[36, 63, 90, 99, 100]"
TOI-815c,TOI-815c,True,5,"[36, 63, 90, 99, 100]"
TOI-824,TOI-824,True,6,"[11, 12, 38, 65, 99, 100]"
TOI-836b,TOI-836b,True,3,"[11, 38, 91]"
TOI-836c,TOI-836c,True,3,"[11, 38, 91]"
TOI-837,TOI-837,True,7,"[10, 11, 37, 38, 63, 64, 90]"
TOI-849,TOI-849,True,1,[97]
TOI-852,TOI-852,True,2,"[30, 97]"
TOI-858B,TOI-858B,False,0,
TOI-871,TOI-871,True,7,"[4, 5, 6, 31, 32, 97, 98]"
TOI-880b,TOI-880b,True,2,"[33, 87]"
TOI-880c,TOI-880c,True,2,"[33, 87]"
TOI-880d,TOI-880d,True,2,"[33, 87]"
TOI-883,TOI-883,True,2,"[33, 87]"
TOI-892,TOI-892,True,2,"[33, 98]"
TOI-899,TOI-899,True,34,"[9, 10, 11, 12, 13, 27, 29, 30, 31, 32, 33, 34, 35, 36, 37, 39, 61, 62, 63, 64, 65, 66, 67, 68, 69, 87, 89, 90, 93, 94, 95, 96, 97, 98]"
TOI-904b,TOI-904b,True,12,"[12, 13, 27, 38, 39, 61, 65, 66, 67, 88, 93, 94]"
TOI-904c,TOI-904c,True,12,"[12, 13, 27, 38, 39, 61, 65, 66, 67, 88, 93, 94]"
TOI-905,TOI-905,True,8,"[12, 38, 39, 65, 66, 93, 99, 100]"
TOI-908,TOI-908,True,12,"[1, 12, 13, 27, 28, 39, 66, 67, 68, 93, 94, 95]"
TOI-921,TOI-921,True,31,"[27, 28, 29, 30, 31, 32, 33, 34, 35, 36, 37, 38, 39, 61, 62, 63, 65, 66, 67, 68, 69, 87, 88, 89, 90, 93, 94, 95, 96, 97, 98]"
TOI-942b,TOI-942b,True,2,"[32, 98]"
TOI-942c,TOI-942c,True,2,"[32, 98]"
TOI-954,TOI-954,True,1,[31]
TOI-969,TOI-969,True,1,[34]
TOI-1054,TOI-1054,True,4,"[13, 27, 67, 94]"
TOI-1062,TOI-1062,True,10,"[1, 13, 27, 28, 66, 67, 68, 93, 94, 95]"
TOI-1064b,TOI-1064b,True,4,"[13, 27, 67, 94]"
TOI-1064c,TOI-1064c,True,4,"[13, 27, 67, 94]"
TOI-1075,TOI-1075,True,4,"[13, 27, 67, 94]"
TOI-1080,TOI-1080,True,3,"[13, 66, 93]"
TOI-1107,TOI-1107,True,5,"[38, 39, 65, 66, 93]"
TOI-1117b,TOI-1117b,True,2,"[39, 100]"
TOI-1130b,TOI-1130b,True,3,"[27, 67, 94]"
TOI-1130c,TOI-1130c,True,3,"[27, 67, 94]"
TOI-1135,TOI-1135,True,11,"[14, 19, 20, 26, 40, 47, 53, 59, 74, 79, 86]"
TOI-1136b,TOI-1136b,True,7,"[14, 15, 21, 22, 41, 48, 75]"
TOI-1136c,TOI-1136c,True,7,"[14, 15, 21, 22, 41, 48, 75]"
TOI-1136d,TOI-1136d,True,7,"[14, 15, 21, 22, 41, 48, 75]"
TOI-1136e,TOI-1136e,True,7,"[14, 15, 21, 22, 41, 48, 75]"
TOI-1136f,TOI-1136f,True,7,"[14, 15, 21, 22, 41, 48, 75]"
TOI-1136g,TOI-1136g,True,7,"[14, 15, 21, 22, 41, 48, 75]"
TOI-1173,TOI-1173,True,9,"[14, 15, 21, 22, 41, 47, 48, 74, 75]"
TOI-1194,TOI-1194,True,9,"[14, 20, 21, 40, 41, 47, 48, 74, 75]"
TOI-1199,TOI-1199,True,3,"[41, 48, 75]"
TOI-1201,TOI-1201,True,2,"[4, 31]"
TOI-1224b,TOI-1224b,True,10,"[1, 13, 27, 28, 39, 66, 67, 68, 93, 95]"
TOI-1224c,TOI-1224c,True,10,"[1, 13, 27, 28, 39, 66, 67, 68, 93, 95]"
TOI-1227,TOI-1227,True,7,"[11, 12, 38, 64, 65, 99, 100]"
TOI-1231,TOI-1231,True,7,"[9, 10, 36, 37, 63, 90, 99]"
TOI-1232b,TOI-1232b,True,29,"[9, 10, 11, 13, 27, 28, 30, 31, 33, 34, 35, 36, 37, 38, 61, 62, 63, 64, 67, 68, 69, 87, 88, 89, 90, 94, 95, 96, 97]"
TOI-1235,TOI-1235,True,8,"[14, 20, 21, 40, 41, 47, 60, 74]"
TOI-1238b,TOI-1238b,True,8,"[14, 15, 21, 22, 41, 49, 74, 76]"
TOI-1238c,TOI-1238c,True,8,"[14, 15, 21, 22, 41, 49, 74, 76]"
TOI-1246b,TOI-1246b,True,40,"[14, 15, 16, 17, 19, 20, 21, 22, 23, 24, 25, 26, 40, 41, 47, 49, 50, 51, 52, 53, 54, 55, 56, 57, 58, 59, 60, 73, 74, 76, 77, 78, 79, 80, 81, 82, 83, 84, 85, 86]"
TOI-1246c,TOI-1246c,True,40,"[14, 15, 16, 17, 19, 20, 21, 22, 23, 24, 25, 26, 40, 41, 47, 49, 50, 51, 52, 53, 54, 55, 56, 57, 58, 59, 60, 73, 74, 76, 77, 78, 79, 80, 81, 82, 83, 84, 85, 86]"
TOI-1246d,TOI-1246d,True,40,"[14, 15, 16, 17, 19, 20, 21, 22, 23, 24, 25, 26, 40, 41, 47, 49, 50, 51, 52, 53, 54, 55, 56, 57, 58, 59, 60, 73, 74, 76, 77, 78, 79, 80, 81, 82, 83, 84, 85, 86]"
TOI-1246e,TOI-1246e,True,40,"[14, 15, 16, 17, 19, 20, 21, 22, 23, 24, 25, 26, 40, 41, 47, 49, 50, 51, 52, 53, 54, 55, 56, 57, 58, 59, 60, 73, 74, 76, 77, 78, 79, 80, 81, 82, 83, 84, 85, 86]"
TOI-1259,TOI-1259,True,32,"[14, 17, 18, 19, 20, 21, 24, 25, 26, 40, 41, 47, 48, 50, 51, 52, 53, 54, 55, 58, 59, 60, 73, 74, 75, 77, 78, 79, 80, 81, 85, 86]"
TOI-1260b,TOI-1260b,True,7,"[14, 21, 41, 47, 48, 74, 75]"
TOI-1260c,TOI-1260c,True,7,"[14, 21, 41, 47, 48, 74, 75]"
TOI-1260d,TOI-1260d,True,7,"[14, 21, 41, 47, 48, 74, 75]"
TOI-1266b,TOI-1266b,True,9,"[14, 15, 21, 22, 41, 48, 49, 75, 76]"
TOI-1266c,TOI-1266c,True,9,"[14, 15, 21, 22, 41, 48, 49, 75, 76]"
TOI-1268,TOI-1268,True,8,"[15, 21, 22, 41, 48, 49, 75, 76]"
TOI-1272,TOI-1272,True,5,"[15, 16, 22, 49, 76]"
TOI-1273,TOI-1273,True,7,"[15, 22, 23, 48, 50, 75, 77]"
TOI-1278,TOI-1278,True,6,"[15, 55, 56, 75, 82, 83]"
TOI-1288b,TOI-1288b,True,13,"[15, 16, 17, 18, 24, 56, 57, 58, 76, 77, 78, 83, 85]"
TOI-1295,TOI-1295,True,32,"[23, 24, 25, 26, 40, 41, 47, 48, 49, 50, 51, 52, 53, 54, 55, 56, 57, 59, 60, 73, 74, 75, 76, 77, 78, 79, 80, 81, 83, 84, 85, 86]"
TOI-1296,TOI-1296,True,32,"[23, 24, 25, 26, 40, 47, 48, 49, 50, 52, 53, 54, 55, 56, 57, 58, 59, 60, 73, 74, 75, 76, 77, 78, 79, 80, 81, 82, 83, 84, 85, 86]"
TOI-1298,TOI-1298,True,33,"[23, 24, 25, 26, 40, 41, 47, 48, 49, 50, 51, 52, 53, 54, 55, 56, 57, 59, 60, 73, 74, 75, 76, 77, 78, 79, 80, 81, 82, 83, 84, 85, 86]"
TOI-1333,TOI-1333,True,2,"[56, 76]"
TOI-1338,TOI-1338,True,40,"[4, 5, 6, 7, 8, 9, 10, 11, 12, 27, 28, 29, 30, 31, 32, 34, 35, 36, 37, 38, 39, 61, 62, 63, 64, 65, 66, 67, 68, 69, 87, 88, 89, 90, 93, 94, 95, 96, 97, 98]"
TOI-1386,TOI-1386,True,6,"[56, 57, 76, 77, 83, 84]"
TOI-1406,TOI-1406,True,5,"[31, 32, 33, 87, 98]"
TOI-1408b,TOI-1408b,True,18,"[16, 17, 18, 19, 24, 25, 52, 57, 58, 59, 73, 76, 77, 78, 79, 84, 85, 86]"
TOI-1408c,TOI-1408c,True,18,"[16, 17, 18, 19, 24, 25, 52, 57, 58, 59, 73, 76, 77, 78, 79, 84, 85, 86]"
TOI-1416,TOI-1416,True,4,"[16, 23, 50, 77]"
TOI-1420,TOI-1420,True,10,"[16, 24, 56, 57, 58, 77, 78, 83, 84, 85]"
TOI-1422b,TOI-1422b,True,4,"[16, 17, 57, 84]"
TOI-1422c,TOI-1422c,True,4,"[16, 17, 57, 84]"
TOI-1430,TOI-1430,True,12,"[14, 15, 16, 41, 54, 55, 56, 75, 76, 81, 82, 83]"
TOI-1431,TOI-1431,True,9,"[15, 16, 55, 56, 57, 76, 77, 83, 84]"
TOI-1437,TOI-1437,True,42,"[14, 15, 16, 17, 18, 19, 20, 21, 22, 23, 24, 25, 26, 40, 41, 47, 48, 49, 50, 51, 52, 53, 54, 55, 56, 57, 58, 59, 60, 73, 74, 75, 76, 77, 78, 79, 80, 81, 82, 83, 84, 86]"
TOI-1438b,TOI-1438b,True,38,"[14, 15, 16, 17, 18, 19, 20, 21, 23, 24, 25, 26, 40, 41, 47, 48, 49, 50, 51, 53, 54, 55, 56, 57, 58, 60, 73, 74, 75, 76, 78, 79, 80, 81, 83, 84, 85, 86]"
TOI-1438c,TOI-1438c,True,38,"[14, 15, 16, 17, 18, 19, 20, 21, 23, 24, 25, 26, 40, 41, 47, 48, 49, 50, 51, 53, 54, 55, 56, 57, 58, 60, 73, 74, 75, 76, 78, 79, 80, 81, 83, 84, 85, 86]"
TOI-1442,TOI-1442,True,43,"[14, 15, 16, 17, 18, 19, 20, 21, 22, 23, 24, 25, 26, 40, 41, 47, 48, 49, 50, 51, 52, 53, 54, 55, 56, 57, 58, 59, 60, 73, 74, 75, 76, 77, 78, 79, 80, 81, 82, 83, 84, 85, 86]"
TOI-1448,TOI-1448,True,7,"[15, 16, 57, 76, 77, 82, 84]"
TOI-1452,TOI-1452,True,40,"[14, 15, 16, 17, 19, 20, 21, 22, 23, 24, 25, 26, 40, 41, 47, 49, 50, 51, 52, 54, 55, 56, 57, 58, 59, 60, 73, 74, 75, 76, 77, 78, 79, 80, 81, 82, 83, 84, 85, 86]"
TOI-1467,TOI-1467,True,4,"[17, 18, 58, 85]"
TOI-1470b,TOI-1470b,True,6,"[17, 18, 24, 58, 78, 85]"
TOI-1470c,TOI-1470c,True,6,"[17, 18, 24, 58, 78, 85]"
TOI-1472b,TOI-1472b,True,5,"[17, 57, 58, 84, 85]"
TOI-1472c,TOI-1472c,True,5,"[17, 57, 58, 84, 85]"
TOI-1478,TOI-1478,True,4,"[34, 61, 88, 99]"
TOI-1516,TOI-1516,True,6,"[57, 58, 77, 78, 84, 85]"
TOI-1518,TOI-1518,True,5,"[57, 58, 77, 84, 85]"
TOI-1601,TOI-1601,True,1,[85]
TOI-1634,TOI-1634,True,2,"[18, 86]"
TOI-1648,TOI-1648,True,4,"[52, 59, 79, 86]"
TOI-1670b,TOI-1670b,True,40,"[15, 16, 18, 19, 20, 21, 22, 23, 24, 25, 26, 40, 41, 47, 48, 49, 50, 51, 52, 53, 55, 56, 57, 58, 59, 60, 73, 74, 75, 76, 77, 78, 79, 80, 81, 82, 83, 84, 85, 86]"
TOI-1670c,TOI-1670c,True,40,"[15, 16, 18, 19, 20, 21, 22, 23, 24, 25, 26, 40, 41, 47, 48, 49, 50, 51, 52, 53, 55, 56, 57, 58, 59, 60, 73, 74, 75, 76, 77, 78, 79, 80, 81, 82, 83, 84, 85, 86]"
TOI-1680,TOI-1680,True,42,"[14, 15, 16, 17, 18, 19, 20, 21, 22, 23, 24, 25, 26, 40, 41, 47, 48, 49, 50, 51, 52, 53, 54, 55, 56, 57, 58, 59, 73, 74, 75, 76, 77, 78, 79, 80, 81, 82, 83, 84, 85, 86]"
TOI-1685,TOI-1685,True,3,"[19, 59, 86]"
TOI-1695,TOI-1695,True,11,"[18, 19, 24, 25, 52, 58, 59, 78, 79, 85, 86]"
TOI-1696,TOI-1696,True,2,"[19, 59]"
TOI-1710,TOI-1710,True,9,"[19, 20, 26, 40, 53, 59, 60, 73, 79]"
TOI-1728,TOI-1728,True,3,"[20, 47, 74]"
TOI-1736,TOI-1736,True,8,"[18, 19, 25, 52, 58, 59, 79, 86]"
TOI-1739,TOI-1739,True,17,"[14, 19, 20, 21, 25, 26, 40, 41, 47, 52, 53, 59, 73, 74, 75, 79, 86]"
TOI-1743,TOI-1743,True,39,"[15, 16, 17, 18, 19, 20, 21, 22, 23, 24, 25, 26, 40, 47, 48, 49, 50, 51, 52, 53, 54, 55, 56, 58, 59, 60, 73, 74, 75, 76, 77, 78, 79, 80, 81, 82, 83, 85, 86]"
TOI-1749b,TOI-1749b,True,37,"[14, 15, 16, 17, 18, 19, 20, 21, 23, 24, 25, 26, 40, 41, 47, 48, 49, 50, 51, 52, 53, 54, 55, 57, 58, 59, 60, 74, 77, 78, 79, 80, 81, 82, 84, 85, 86]"
TOI-1749c,TOI-1749c,True,37,"[14, 15, 16, 17, 18, 19, 20, 21, 23, 24, 25, 26, 40, 41, 47, 48, 49, 50, 51, 52, 53, 54, 55, 57, 58, 59, 60, 74, 77, 78, 79, 80, 81, 82, 84, 85, 86]"
TOI-1749d,TOI-1749d,True,37,"[14, 15, 16, 17, 18, 19, 20, 21, 23, 24, 25, 26, 40, 41, 47, 48, 49, 50, 51, 52, 53, 54, 55, 57, 58, 59, 60, 74, 77, 78, 79, 80, 81, 82, 84, 85, 86]"
TOI-1751,TOI-1751,True,38,"[15, 17, 18, 19, 20, 21, 22, 23, 24, 25, 26, 40, 41, 47, 48, 49, 50, 51, 52, 53, 54, 55, 56, 57, 58, 59, 74, 75, 76, 77, 78, 79, 81, 82, 83, 84, 85, 86]"
TOI-1759,TOI-1759,True,10,"[16, 17, 24, 56, 57, 58, 76, 77, 78, 85]"
TOI-1789,TOI-1789,True,4,"[44, 45, 46, 48]"
TOI-1803b,TOI-1803b,True,2,"[22, 49]"
TOI-1803c,TOI-1803c,True,2,"[22, 49]"
TOI-1807,TOI-1807,True,4,"[22, 23, 49, 76]"
TOI-1811,TOI-1811,True,2,"[22, 49]"
TOI-1820,TOI-1820,True,1,[49]
TOI-1824,TOI-1824,True,7,"[21, 22, 41, 48, 49, 75, 76]"
TOI-1842,TOI-1842,True,2,"[23, 50]"
TOI-1846,TOI-1846,True,29,"[17, 20, 23, 24, 25, 26, 40, 47, 50, 51, 52, 53, 54, 56, 57, 58, 59, 60, 73, 74, 77, 78, 79, 80, 81, 83, 84, 85, 86]"
TOI-1853,TOI-1853,True,1,[50]
TOI-1855,TOI-1855,True,1,[50]
TOI-1859,TOI-1859,True,39,"[14, 15, 16, 17, 18, 19, 20, 22, 23, 25, 26, 40, 41, 47, 48, 49, 50, 52, 53, 54, 55, 56, 57, 59, 60, 73, 74, 75, 76, 77, 78, 79, 80, 81, 82, 83, 84, 85, 86]"
TOI-1899,TOI-1899,True,8,"[14, 15, 41, 54, 55, 75, 81, 82]"
TOI-1937,TOI-1937,True,7,"[34, 35, 36, 61, 62, 88, 89]"
TOI-1982,TOI-1982,True,3,"[37, 64, 91]"
TOI-1994,TOI-1994,True,6,"[36, 62, 63, 89, 90, 99]"
TOI-2000b,TOI-2000b,True,7,"[36, 37, 38, 63, 64, 65, 90]"
TOI-2000c,TOI-2000c,True,7,"[36, 37, 38, 63, 64, 65, 90]"
TOI-2005,TOI-2005,True,4,"[36, 63, 99, 100]"
TOI-2010,TOI-2010,True,13,"[14, 15, 16, 40, 54, 55, 56, 74, 75, 76, 81, 82, 83]"
TOI-2015,TOI-2015,True,3,"[24, 51, 78]"
TOI-2025,TOI-2025,True,13,"[40, 47, 52, 53, 58, 59, 60, 74, 78, 79, 81, 85, 86]"
TOI-2031,TOI-2031,True,10,"[52, 53, 58, 59, 60, 73, 78, 79, 85, 86]"
TOI-2046,TOI-2046,True,6,"[58, 59, 78, 79, 85, 86]"
TOI-2068,TOI-2068,True,7,"[14, 15, 21, 22, 41, 48, 75]"
TOI-2076b,TOI-2076b,True,4,"[16, 23, 50, 77]"
TOI-2076c,TOI-2076c,True,4,"[16, 23, 50, 77]"
TOI-2076d,TOI-2076d,True,4,"[16, 23, 50, 77]"
TOI-2076e,TOI-2076e,True,4,"[16, 23, 50, 77]"
TOI-2081,TOI-2081,True,26,"[14, 17, 20, 21, 24, 25, 26, 40, 41, 47, 50, 52, 53, 54, 57, 58, 60, 73, 74, 77, 78, 79, 80, 81, 84, 85]"
TOI-2084,TOI-2084,True,33,"[16, 19, 20, 21, 22, 23, 25, 26, 48, 49, 50, 51, 52, 53, 54, 55, 56, 57, 58, 59, 60, 73, 75, 76, 77, 78, 80, 81, 82, 83, 84, 85, 86]"
TOI-2093,TOI-2093,True,32,"[15, 16, 17, 18, 19, 20, 22, 23, 24, 25, 40, 48, 49, 50, 52, 53, 55, 56, 57, 58, 59, 60, 73, 75, 76, 77, 78, 79, 83, 84, 85, 86]"
TOI-2094,TOI-2094,True,39,"[14, 15, 16, 17, 19, 20, 21, 22, 23, 24, 25, 26, 40, 47, 49, 50, 51, 52, 53, 54, 55, 56, 57, 58, 59, 60, 73, 74, 76, 77, 78, 79, 80, 81, 82, 83, 84, 85, 86]"
TOI-2095b,TOI-2095b,True,40,"[14, 15, 16, 17, 18, 19, 20, 21, 22, 23, 24, 26, 40, 41, 47, 48, 49, 50, 51, 52, 53, 54, 55, 56, 57, 58, 59, 60, 73, 74, 75, 76, 77, 78, 79, 80, 81, 83, 84, 85]"
TOI-2095c,TOI-2095c,True,40,"[14, 15, 16, 17, 18, 19, 20, 21, 22, 23, 24, 26, 40, 41, 47, 48, 49, 50, 51, 52, 53, 54, 55, 56, 57, 58, 59, 60, 73, 74, 75, 76, 77, 78, 79, 80, 81, 83, 84, 85]"
TOI-2096b,TOI-2096b,True,8,"[14, 20, 21, 40, 41, 47, 53, 60]"
TOI-2096c,TOI-2096c,True,8,"[14, 20, 21, 40, 41, 47, 53, 60]"
TOI-2107,TOI-2107,True,3,"[67, 93, 94]"
TOI-2109,TOI-2109,True,2,"[52, 79]"
TOI-2119,TOI-2119,True,5,"[24, 25, 51, 52, 78]"
TOI-2120,TOI-2120,True,8,"[18, 24, 25, 52, 58, 78, 85, 86]"
TOI-2134b,TOI-2134b,True,8,"[26, 40, 52, 53, 54, 74, 79, 80]"
TOI-2134c,TOI-2134c,True,8,"[26, 40, 52, 53, 54, 74, 79, 80]"
TOI-2136,TOI-2136,True,7,"[26, 40, 53, 54, 74, 80, 81]"
TOI-2141,TOI-2141,True,4,"[25, 26, 52, 79]"
TOI-2145,TOI-2145,True,6,"[26, 40, 52, 53, 79, 80]"
TOI-2152,TOI-2152,True,7,"[58, 59, 73, 78, 79, 85, 86]"
TOI-2154,TOI-2154,True,7,"[40, 52, 53, 59, 60, 79, 86]"
TOI-2158,TOI-2158,True,2,"[40, 53]"
TOI-2169,TOI-2169,True,4,"[40, 53, 54, 80]"
TOI-2179,TOI-2179,True,6,"[28, 29, 68, 69, 95, 96]"
TOI-2180,TOI-2180,True,40,"[14, 15, 16, 18, 19, 20, 21, 22, 23, 24, 25, 26, 40, 41, 48, 49, 50, 51, 52, 53, 54, 55, 56, 57, 58, 59, 60, 73, 74, 75, 77, 78, 79, 80, 81, 82, 83, 84, 85, 86]"
TOI-2193,TOI-2193,True,3,"[27, 67, 94]"
TOI-2196,TOI-2196,True,3,"[27, 67, 94]"
TOI-2202,TOI-2202,True,18,"[27, 28, 29, 36, 39, 62, 63, 66, 67, 68, 69, 87, 89, 90, 93, 94, 95, 96]"
TOI-2207,TOI-2207,True,3,"[27, 67, 94]"
TOI-2236,TOI-2236,True,4,"[66, 67, 93, 94]"
TOI-2257,TOI-2257,True,11,"[14, 20, 21, 26, 40, 41, 47, 48, 53, 74, 75]"
TOI-2266,TOI-2266,True,6,"[24, 25, 51, 52, 78, 79]"
TOI-2267b,TOI-2267b,True,12,"[19, 20, 25, 26, 40, 52, 53, 59, 60, 73, 79, 86]"
TOI-2267c,TOI-2267c,True,12,"[19, 20, 25, 26, 40, 52, 53, 59, 60, 73, 79, 86]"
TOI-2267d,TOI-2267d,True,12,"[19, 20, 25, 26, 40, 52, 53, 59, 60, 73, 79, 86]"
TOI-2295,TOI-2295,True,12,"[15, 26, 41, 53, 54, 55, 75, 79, 80, 81, 82, 86]"
TOI-2322b,TOI-2322b,True,29,"[27, 28, 29, 30, 31, 32, 33, 35, 36, 37, 38, 39, 61, 62, 63, 65, 66, 67, 68, 69, 87, 88, 89, 90, 93, 94, 96, 97, 98]"
TOI-2322c,TOI-2322c,True,29,"[27, 28, 29, 30, 31, 32, 33, 35, 36, 37, 38, 39, 61, 62, 63, 65, 66, 67, 68, 69, 87, 88, 89, 90, 93, 94, 96, 97, 98]"
TOI-2328,TOI-2328,True,8,"[27, 28, 39, 66, 67, 68, 93, 95]"
TOI-2336,TOI-2336,True,1,[65]
TOI-2338,TOI-2338,True,2,"[32, 98]"
TOI-2345b,TOI-2345b,True,3,"[30, 31, 97]"
TOI-2345c,TOI-2345c,True,3,"[30, 31, 97]"
TOI-2346,TOI-2346,True,2,"[87, 98]"
TOI-2364,TOI-2364,True,1,[87]
TOI-2368,TOI-2368,True,4,"[62, 63, 89, 90]"
TOI-2373,TOI-2373,True,1,[31]
TOI-2374,TOI-2374,True,2,"[28, 92]"
TOI-2379,TOI-2379,True,6,"[28, 29, 68, 69, 95, 96]"
TOI-2382,TOI-2382,True,3,"[29, 69, 96]"
TOI-2384,TOI-2384,True,6,"[28, 29, 68, 69, 95, 96]"
TOI-2406,TOI-2406,True,4,"[30, 42, 43, 70]"
TOI-2407,TOI-2407,True,3,"[30, 31, 97]"
TOI-2416,TOI-2416,True,11,"[28, 29, 30, 31, 38, 62, 65, 69, 95, 96, 97]"
TOI-2420,TOI-2420,False,0,
TOI-2421,TOI-2421,True,1,[97]
TOI-2427,TOI-2427,True,1,[31]
TOI-2431,TOI-2431,True,5,"[31, 42, 43, 70, 71]"
TOI-2443,TOI-2443,True,1,[31]
TOI-2445,TOI-2445,True,2,"[4, 31]"
TOI-2458,TOI-2458,True,2,"[32, 98]"
TOI-2485,TOI-2485,True,1,[50]
TOI-2497,TOI-2497,True,3,"[33, 72, 87]"
TOI-2498,TOI-2498,True,3,"[33, 71, 87]"
TOI-2524,TOI-2524,True,5,"[45, 46, 62, 72, 89]"
TOI-2525b,TOI-2525b,True,28,"[5, 27, 28, 30, 31, 32, 33, 34, 35, 36, 37, 38, 39, 61, 62, 64, 65, 67, 68, 69, 87, 88, 89, 90, 94, 95, 96, 97]"
TOI-2525c,TOI-2525c,True,28,"[5, 27, 28, 30, 31, 32, 33, 34, 35, 36, 37, 38, 39, 61, 62, 64, 65, 67, 68, 69, 87, 88, 89, 90, 94, 95, 96, 97]"
TOI-2529,TOI-2529,True,5,"[61, 62, 63, 88, 89]"
TOI-2537,TOI-2537,True,5,"[42, 43, 44, 70, 71]"
TOI-2543,TOI-2543,True,4,"[34, 61, 72, 88]"
TOI-2567,TOI-2567,True,28,"[40, 41, 47, 48, 49, 50, 51, 52, 53, 54, 55, 56, 57, 58, 59, 60, 73, 74, 76, 77, 79, 80, 81, 82, 83, 84, 85, 86]"
TOI-2570,TOI-2570,True,6,"[44, 45, 59, 71, 72, 73]"
TOI-2580,TOI-2580,True,3,"[59, 73, 86]"
TOI-2583,TOI-2583,True,7,"[40, 52, 54, 74, 79, 80, 81]"
TOI-2587,TOI-2587,True,1,[88]
TOI-2589,TOI-2589,True,5,"[33, 34, 61, 87, 88]"
TOI-2641,TOI-2641,True,6,"[36, 37, 63, 90, 99, 100]"
TOI-2714,TOI-2714,False,0,
TOI-2796,TOI-2796,True,1,[98]
TOI-2803,TOI-2803,True,1,[87]
TOI-2818,TOI-2818,True,2,"[61, 88]"
TOI-2842,TOI-2842,True,1,[87]
TOI-2844,TOI-2844,True,3,"[71, 72, 87]"
TOI-2876,TOI-2876,True,1,[87]
TOI-2886,TOI-2886,True,1,[87]
TOI-2977,TOI-2977,True,3,"[63, 64, 90]"
TOI-2981,TOI-2981,True,2,"[63, 90]"
TOI-2986,TOI-2986,True,3,"[62, 89, 100]"
TOI-2992,TOI-2992,True,4,"[63, 90, 99, 100]"
TOI-3023,TOI-3023,True,2,"[64, 65]"
TOI-3071,TOI-3071,True,4,"[64, 90, 99, 100]"
TOI-3135,TOI-3135,True,3,"[65, 99, 100]"
TOI-3235,TOI-3235,True,1,[64]
TOI-3160,TOI-3160,True,2,"[65, 91]"
TOI-3261,TOI-3261,True,11,"[63, 66, 67, 68, 69, 87, 90, 93, 94, 95, 96]"
TOI-3288,TOI-3288,True,1,[67]
TOI-3321,TOI-3321,True,3,"[66, 93, 100]"
TOI-3331,TOI-3331,True,4,"[66, 91, 92, 93]"
TOI-3362,TOI-3362,True,4,"[63, 64, 90, 99]"
TOI-3364,TOI-3364,True,4,"[62, 63, 89, 90]"
TOI-3457,TOI-3457,True,3,"[65, 66, 93]"
TOI-3464,TOI-3464,True,1,[65]
TOI-3474,TOI-3474,True,1,[65]
TOI-3486,TOI-3486,True,3,"[66, 93, 100]"
TOI-3523,TOI-3523,True,3,"[75, 81, 82]"
TOI-3540,TOI-3540,True,3,"[56, 82, 83]"
TOI-3568,TOI-3568,True,4,"[55, 56, 82, 83]"
TOI-3577,TOI-3577,True,3,"[56, 76, 83]"
TOI-3593,TOI-3593,True,2,"[56, 83]"
TOI-3629,TOI-3629,True,2,"[57, 84]"
TOI-3682,TOI-3682,True,5,"[42, 43, 44, 70, 71]"
TOI-3688,TOI-3688,True,2,"[58, 85]"
TOI-3693,TOI-3693,True,2,"[58, 85]"
TOI-3714,TOI-3714,True,2,"[59, 86]"
TOI-3755,TOI-3755,True,3,"[59, 73, 86]"
TOI-3757,TOI-3757,True,3,"[59, 60, 73]"
TOI-3785,TOI-3785,True,2,"[47, 74]"
TOI-3807,TOI-3807,True,3,"[47, 60, 74]"
TOI-3819,TOI-3819,True,6,"[44, 45, 46, 47, 71, 72]"
TOI-3837,TOI-3837,True,3,"[45, 46, 48]"
TOI-3856,TOI-3856,True,1,[48]
TOI-3862,TOI-3862,True,4,"[48, 49, 75, 76]"
TOI-3877,TOI-3877,False,0,
TOI-3884,TOI-3884,True,2,"[46, 49]"
TOI-3894,TOI-3894,True,2,"[49, 76]"
TOI-3912,TOI-3912,True,2,"[50, 77]"
TOI-3919,TOI-3919,True,4,"[49, 50, 76, 77]"
TOI-3972,TOI-3972,True,3,"[58, 78, 85]"
TOI-3976,TOI-3976,False,0,
TOI-3980,TOI-3980,True,2,"[58, 85]"
TOI-3984,TOI-3984,True,4,"[50, 51, 77, 78]"
TOI-4010b,TOI-4010b,True,4,"[52, 58, 78, 85]"
TOI-4010c,TOI-4010c,True,4,"[52, 58, 78, 85]"
TOI-4010d,TOI-4010d,True,4,"[52, 58, 78, 85]"
TOI-4081,TOI-4081,True,4,"[52, 58, 78, 85]"
TOI-4087,TOI-4087,True,12,"[40, 41, 47, 52, 53, 59, 60, 73, 74, 75, 79, 86]"
TOI-4127,TOI-4127,True,6,"[40, 47, 53, 60, 73, 74]"
TOI-4137,TOI-4137,True,5,"[52, 53, 59, 73, 86]"
TOI-4138,TOI-4138,True,13,"[40, 41, 47, 48, 49, 53, 56, 60, 74, 75, 76, 80, 83]"
TOI-4145,TOI-4145,True,6,"[52, 53, 59, 73, 79, 86]"
TOI-4153,TOI-4153,True,8,"[53, 58, 59, 60, 73, 78, 79, 85]"
TOI-4184,TOI-4184,True,9,"[1, 28, 39, 66, 68, 89, 93, 94, 95]"
TOI-4201,TOI-4201,True,2,"[87, 98]"
TOI-4214,TOI-4214,True,1,[87]
TOI-4336b,TOI-4336b,True,2,"[38, 64]"
TOI-4336c,TOI-4336c,False,0,
TOI-4342b,TOI-4342b,True,6,"[13, 27, 66, 67, 93, 94]"
TOI-4342c,TOI-4342c,True,6,"[13, 27, 66, 67, 93, 94]"
TOI-4364,TOI-4364,True,3,"[5, 32, 98]"
TOI-4377,TOI-4377,True,5,"[38, 39, 65, 66, 93]"
TOI-4406,TOI-4406,True,4,"[28, 29, 68, 69]"
TOI-4438,TOI-4438,True,5,"[40, 52, 53, 79, 80]"
TOI-4463,TOI-4463,True,1,[80]
TOI-4465,TOI-4465,True,2,"[26, 80]"
TOI-4479,TOI-4479,True,3,"[41, 55, 82]"
TOI-4487,TOI-4487,True,7,"[41, 55, 56, 75, 76, 82, 83]"
TOI-4495b,TOI-4495b,True,7,"[14, 40, 41, 53, 54, 80, 81]"
TOI-4495c,TOI-4495c,True,7,"[14, 40, 41, 53, 54, 80, 81]"
TOI-4504b,TOI-4504b,True,29,"[27, 28, 29, 30, 31, 32, 33, 34, 35, 36, 37, 38, 61, 62, 63, 64, 65, 67, 68, 69, 87, 88, 89, 90, 94, 95, 96, 97, 98]"
TOI-4504c,TOI-4504c,True,29,"[27, 28, 29, 30, 31, 32, 33, 34, 35, 36, 37, 38, 61, 62, 63, 64, 65, 67, 68, 69, 87, 88, 89, 90, 94, 95, 96, 97, 98]"
TOI-4504d,TOI-4504d,True,29,"[27, 28, 29, 30, 31, 32, 33, 34, 35, 36, 37, 38, 61, 62, 63, 64, 65, 67, 68, 69, 87, 88, 89, 90, 94, 95, 96, 97, 98]"
TOI-4507,TOI-4507,True,42,"[2, 3, 5, 6, 7, 8, 9, 10, 11, 12, 13, 27, 28, 29, 30, 32, 33, 34, 35, 36, 37, 38, 39, 61, 62, 63, 64, 65, 66, 67, 68, 69, 87, 88, 89, 90, 93, 94, 95, 96, 97, 98]"
TOI-4515,TOI-4515,True,4,"[42, 43, 57, 84]"
TOI-4551,TOI-4551,True,2,"[63, 90]"
TOI-4552,TOI-4552,True,3,"[12, 39, 66]"
TOI-4559,TOI-4559,True,3,"[11, 38, 64]"
TOI-4562b,TOI-4562b,True,32,"[27, 28, 29, 30, 31, 32, 33, 34, 35, 36, 37, 38, 39, 61, 62, 63, 64, 65, 66, 67, 68, 69, 87, 88, 89, 90, 93, 94, 95, 96, 97, 98]"
TOI-4600b,TOI-4600b,True,29,"[14, 15, 26, 40, 41, 47, 48, 49, 51, 52, 53, 54, 55, 56, 57, 58, 59, 60, 74, 75, 76, 78, 79, 80, 82, 83, 84, 85, 86]"
TOI-4600c,TOI-4600c,True,29,"[14, 15, 26, 40, 41, 47, 48, 49, 51, 52, 53, 54, 55, 56, 57, 58, 59, 60, 74, 75, 76, 78, 79, 80, 82, 83, 84, 85, 86]"
TOI-4603,TOI-4603,True,5,"[43, 44, 45, 71, 72]"
TOI-4633,TOI-4633,True,39,"[14, 15, 16, 17, 18, 19, 20, 21, 22, 23, 24, 25, 26, 40, 41, 47, 48, 49, 50, 51, 52, 53, 55, 56, 58, 59, 73, 74, 75, 76, 77, 78, 79, 80, 81, 82, 83, 85, 86]"
TOI-4641,TOI-4641,True,8,"[18, 42, 43, 44, 58, 70, 71, 85]"
TOI-4666,TOI-4666,True,1,[97]
TOI-4734,TOI-4734,True,2,"[72, 87]"
TOI-4737,TOI-4737,True,1,[87]
TOI-4773,TOI-4773,True,2,"[61, 88]"
TOI-4776,TOI-4776,True,1,[61]
TOI-4791,TOI-4791,True,2,"[87, 88]"
TOI-4794,TOI-4794,True,1,[87]
TOI-4860,TOI-4860,True,3,"[63, 90, 91]"
TOI-4914,TOI-4914,True,1,[64]
TOI-4940,TOI-4940,True,10,"[61, 62, 64, 65, 68, 69, 89, 95, 96, 97]"
TOI-4961,TOI-4961,True,4,"[64, 65, 99, 100]"
TOI-4987,TOI-4987,True,3,"[62, 89, 100]"
TOI-4994,TOI-4994,True,6,"[66, 67, 93, 94, 100, 101]"
TOI-5005,TOI-5005,True,1,[65]
TOI-5007,TOI-5007,True,2,"[65, 100]"
TOI-5027,TOI-5027,True,3,"[66, 93, 100]"
TOI-5076,TOI-5076,True,2,"[70, 71]"
TOI-5108,TOI-5108,True,1,[72]
TOI-5110,TOI-5110,True,4,"[60, 71, 72, 73]"
TOI-5126b,TOI-5126b,True,4,"[45, 46, 48, 72]"
TOI-5126c,TOI-5126c,True,4,"[45, 46, 48, 72]"
TOI-5153,TOI-5153,True,2,"[33, 98]"
TOI-5181,TOI-5181,True,1,[80]
TOI-5205,TOI-5205,True,1,[82]
TOI-5210,TOI-5210,True,1,[82]
TOI-5232,TOI-5232,True,3,"[74, 75, 81]"
TOI-5261,TOI-5261,True,1,[81]
TOI-5292,TOI-5292,True,2,"[70, 92]"
TOI-5293,TOI-5293,True,2,"[70, 92]"
TOI-5301,TOI-5301,True,1,[70]
TOI-5322,TOI-5322,True,3,"[57, 70, 84]"
TOI-5340,TOI-5340,True,1,[71]
TOI-5349,TOI-5349,True,2,"[70, 71]"
TOI-5344,TOI-5344,True,1,[71]
TOI-5350,TOI-5350,False,0,
TOI-5386,TOI-5386,True,5,"[48, 49, 50, 75, 76]"
TOI-5389,TOI-5389,True,1,[48]
TOI-5398b,TOI-5398b,True,1,[48]
TOI-5398c,TOI-5398c,True,1,[48]
TOI-5422,TOI-5422,True,2,"[71, 72]"
TOI-5542,TOI-5542,True,3,"[27, 67, 94]"
TOI-5573,TOI-5573,True,1,[74]
TOI-5575,TOI-5575,True,5,"[59, 60, 73, 79, 86]"
TOI-5592,TOI-5592,True,2,"[60, 74]"
TOI-5610,TOI-5610,False,0,
TOI-5678,TOI-5678,True,4,"[4, 30, 31, 97]"
TOI-5688,TOI-5688,True,4,"[74, 78, 80, 81]"
TOI-5713,TOI-5713,True,5,"[16, 22, 23, 49, 76]"
TOI-5720,TOI-5720,True,2,"[22, 49]"
TOI-5734,TOI-5734,True,3,"[20, 47, 60]"
TOI-5786,TOI-5786,True,2,"[74, 81]"
TOI-5788b,TOI-5788b,True,3,"[14, 80, 81]"
TOI-5788c,TOI-5788c,True,3,"[14, 80, 81]"
TOI-5789,TOI-5789,True,1,[81]
TOI-5795,TOI-5795,True,3,"[54, 81, 92]"
TOI-5799b,TOI-5799b,True,2,"[54, 81]"
TOI-5799c,TOI-5799c,True,2,"[54, 81]"
TOI-5800,TOI-5800,True,3,"[54, 81, 92]"
TOI-5817,TOI-5817,True,2,"[55, 82]"
TOI-5882,TOI-5882,True,1,[75]
TOI-5916,TOI-5916,True,1,[82]
TOI-6002,TOI-6002,True,8,"[14, 41, 54, 55, 74, 75, 81, 82]"
TOI-6008,TOI-6008,True,9,"[15, 16, 41, 55, 56, 75, 76, 82, 83]"
TOI-6016,TOI-6016,True,6,"[57, 58, 77, 78, 84, 85]"
TOI-6038,TOI-6038,True,2,"[18, 86]"
TOI-6041b,TOI-6041b,True,3,"[18, 58, 85]"
TOI-6054b,TOI-6054b,True,2,"[59, 86]"
TOI-6054c,TOI-6054c,True,2,"[59, 86]"
TOI-6086,TOI-6086,True,6,"[25, 26, 52, 53, 79, 80]"
TOI-6130,TOI-6130,True,1,[83]
TOI-6158,TOI-6158,True,2,"[82, 83]"
TOI-6223,TOI-6223,True,1,[84]
TOI-6303,TOI-6303,True,1,[85]
TOI-6420,TOI-6420,True,1,[88]
TOI-6330,TOI-6330,True,1,[85]
TOI-6383,TOI-6383,True,1,[73]
TOI-6448,TOI-6448,True,1,[87]
TOI-6478,TOI-6478,True,5,"[8, 35, 62, 99, 100]"
TOI-6508,TOI-6508,True,2,"[90, 100]"
TOI-6628,TOI-6628,False,0,
TOI-6651,TOI-6651,True,1,[84]
TOI-6692,TOI-6692,True,5,"[39, 66, 67, 93, 94]"
TOI-6695b,TOI-6695b,True,4,"[34, 35, 61, 88]"
TOI-6716,TOI-6716,True,5,"[7, 34, 61, 87, 88]"
TOI-6883b,TOI-6883b,True,1,[55]
TOI-6883c,TOI-6883c,False,0,
TOI-6894,TOI-6894,True,1,[72]
TOI-7019,TOI-7019,True,1,[85]
TOI-7166,TOI-7166,True,1,[82]
TOI-7149,TOI-7149,False,0,
TOI-7384,TOI-7384,True,2,"[87, 98]"
TOI-7510b,TOI-7510b,False,0,
TOI-7510c,TOI-7510c,False,0,
TOI-7510d,TOI-7510d,False,0,
TRAPPIST-1b,TRAPPIST-1b,True,1,[70]
TRAPPIST-1c,TRAPPIST-1c,True,1,[70]
TRAPPIST-1d,TRAPPIST-1d,True,1,[70]
TRAPPIST-1e,TRAPPIST-1e,True,1,[70]
TRAPPIST-1f,TRAPPIST-1f,True,1,[70]
TRAPPIST-1g,TRAPPIST-1g,True,1,[70]
TRAPPIST-1h,TRAPPIST-1h,True,1,[70]
TrES-1,TrES-1,True,8,"[14, 40, 41, 53, 54, 74, 80, 81]"
TrES-2,TrES-2,True,10,"[26, 40, 41, 54, 55, 74, 75, 80, 81, 82]"
TrES-3,TrES-3,True,7,"[25, 26, 40, 52, 53, 79, 80]"
TrES-4,TrES-4,True,7,"[25, 26, 40, 52, 53, 79, 80]"
TrES-5,TrES-5,True,8,"[41, 55, 56, 57, 75, 77, 82, 84]"
V1298_Tau_b,V1298 Tau,True,2,"[43, 44]"
V1298_Tau_c,V1298 Tau,True,2,"[43, 44]"
V1298_Tau_d,V1298 Tau,True,2,"[43, 44]"
V1298_Tau_e,V1298 Tau,True,2,"[43, 44]"
WASP-001,WASP-001,True,2,"[57, 84]"
WASP-002,WASP-002,True,2,"[54, 81]"
WASP-004,WASP-004,True,5,"[2, 28, 29, 69, 96]"
WASP-005,WASP-005,True,4,"[2, 29, 69, 96]"
WASP-006,WASP-006,True,3,"[2, 29, 69]"
WASP-007,WASP-007,True,4,"[27, 67, 94, 95]"
WASP-008,WASP-008,True,4,"[2, 29, 69, 96]"
WASP-010,WASP-010,True,2,"[56, 83]"
WASP-011,WASP-011,True,3,"[42, 58, 85]"
WASP-012,WASP-012,True,6,"[20, 43, 44, 45, 71, 72]"
WASP-013,WASP-013,True,1,[21]
WASP-014,WASP-014,True,1,[50]
WASP-015,WASP-015,True,1,[11]
WASP-016,WASP-016,True,2,"[11, 91]"
WASP-017,WASP-017,True,3,"[12, 38, 91]"
WASP-018,WASP-018,True,6,"[2, 3, 29, 30, 69, 96]"
WASP-019,WASP-019,True,7,"[9, 36, 62, 63, 89, 90, 99]"
WASP-020,WASP-020,True,3,"[2, 29, 69]"
WASP-021,WASP-021,True,2,"[56, 83]"
WASP-022,WASP-022,True,1,[4]
WASP-023,WASP-023,True,5,"[6, 34, 61, 87, 88]"
WASP-024,WASP-024,True,1,[51]
WASP-025,WASP-025,True,1,[10]
WASP-026,WASP-026,True,1,[29]
WASP-028,WASP-028,True,3,"[42, 70, 92]"
WASP-029,WASP-029,True,4,"[2, 29, 69, 96]"
WASP-030,WASP-030,True,6,"[2, 29, 42, 69, 70, 92]"
WASP-031,WASP-031,True,5,"[9, 36, 63, 90, 100]"
WASP-032,WASP-032,True,1,[42]
WASP-033,WASP-033,True,3,"[18, 58, 85]"
WASP-034,WASP-034,True,5,"[9, 36, 63, 90, 100]"
WASP-035,WASP-035,True,3,"[5, 32, 98]"
WASP-036,WASP-036,True,5,"[8, 34, 61, 88, 99]"
WASP-037,WASP-037,True,1,[51]
WASP-038,WASP-038,False,0,
WASP-039,WASP-039,True,2,"[51, 91]"
WASP-041,WASP-041,True,3,"[10, 37, 64]"
WASP-042,WASP-042,True,3,"[10, 37, 64]"
WASP-043,WASP-043,True,5,"[9, 35, 62, 89, 100]"
WASP-044,WASP-044,True,1,[3]
WASP-045,WASP-045,True,4,"[2, 29, 69, 96]"
WASP-046,WASP-046,True,5,"[1, 27, 67, 94, 95]"
WASP-047b,WASP-047b,True,2,"[42, 92]"
WASP-047c,WASP-047c,True,2,"[42, 92]"
WASP-047d,WASP-047d,True,2,"[42, 92]"
WASP-048,WASP-048,True,17,"[23, 26, 40, 41, 53, 54, 55, 56, 60, 73, 74, 75, 76, 80, 81, 82, 83]"
WASP-049,WASP-049,True,4,"[6, 33, 87, 98]"
WASP-050,WASP-050,True,2,"[4, 31]"
WASP-052,WASP-052,True,1,[83]
WASP-053,WASP-053,True,3,"[3, 30, 97]"
WASP-054,WASP-054,True,4,"[23, 46, 50, 91]"
WASP-055,WASP-055,True,3,"[10, 37, 91]"
WASP-056,WASP-056,True,2,"[22, 49]"
WASP-057,WASP-057,True,1,[51]
WASP-058,WASP-058,True,10,"[25, 26, 40, 52, 53, 54, 74, 79, 80, 81]"
WASP-059,WASP-059,True,2,"[56, 83]"
WASP-060,WASP-060,True,2,"[57, 84]"
WASP-061,WASP-061,True,3,"[5, 32, 98]"
WASP-062,WASP-062,True,38,"[1, 2, 3, 4, 6, 7, 8, 9, 10, 11, 12, 13, 27, 28, 29, 30, 31, 32, 33, 34, 36, 37, 38, 39, 61, 62, 64, 65, 68, 69, 87, 88, 89, 94, 95, 96, 97, 98]"
WASP-063,WASP-063,True,6,"[6, 7, 32, 33, 87, 98]"
WASP-064,WASP-064,True,5,"[6, 7, 33, 34, 87]"
WASP-065,WASP-065,True,7,"[34, 44, 45, 46, 61, 72, 88]"
WASP-066,WASP-066,True,6,"[9, 36, 63, 90, 99, 100]"
WASP-067,WASP-067,True,1,[92]
WASP-068,WASP-068,True,1,[92]
WASP-069,WASP-069,True,3,"[55, 81, 92]"
WASP-070,WASP-070,True,1,[92]
WASP-071,WASP-071,True,5,"[4, 42, 43, 70, 97]"
WASP-072,WASP-072,True,5,"[3, 4, 30, 31, 97]"
WASP-073,WASP-073,True,5,"[1, 27, 67, 94, 95]"
WASP-074,WASP-074,True,1,[81]
WASP-075,WASP-075,True,3,"[42, 70, 92]"
WASP-076,WASP-076,True,4,"[30, 42, 43, 97]"
WASP-077,WASP-077,True,2,"[4, 31]"
WASP-078,WASP-078,True,3,"[5, 31, 32]"
WASP-079,WASP-079,True,4,"[4, 5, 31, 32]"
WASP-080,WASP-080,True,1,[54]
WASP-081,WASP-081,True,2,"[54, 81]"
WASP-082,WASP-082,True,2,"[5, 98]"
WASP-083,WASP-083,True,3,"[10, 37, 90]"
WASP-084b,WASP-084b,True,3,"[34, 61, 88]"
WASP-084c,WASP-084c,True,3,"[34, 61, 88]"
WASP-085,WASP-085,True,3,"[45, 46, 72]"
WASP-086-KELT-12,WASP-086-KELT-12,False,0,
WASP-087,WASP-087,True,5,"[10, 11, 37, 99, 100]"
WASP-088,WASP-088,True,3,"[27, 67, 94]"
WASP-089,WASP-089,True,1,[92]
WASP-090,WASP-090,True,2,"[55, 82]"
WASP-091,WASP-091,True,7,"[1, 27, 28, 67, 68, 94, 95]"
WASP-092,WASP-092,True,8,"[23, 24, 25, 50, 51, 77, 78, 79]"
WASP-093,WASP-093,True,3,"[17, 57, 84]"
WASP-094,WASP-094,True,4,"[1, 27, 68, 95]"
WASP-095,WASP-095,True,3,"[1, 28, 95]"
WASP-096,WASP-096,True,4,"[2, 29, 69, 96]"
WASP-097,WASP-097,True,4,"[2, 29, 69, 96]"
WASP-098,WASP-098,True,2,"[4, 31]"
WASP-099,WASP-099,True,5,"[3, 29, 30, 69, 97]"
WASP-100,WASP-100,True,43,"[1, 2, 3, 4, 5, 6, 7, 8, 9, 10, 11, 12, 13, 27, 28, 29, 30, 31, 32, 33, 34, 35, 36, 37, 38, 39, 61, 62, 63, 64, 65, 67, 68, 69, 87, 88, 89, 90, 94, 95, 96, 97, 98]"
WASP-101,WASP-101,True,2,"[6, 33]"
WASP-102,WASP-102,True,1,[83]
WASP-103,WASP-103,False,0,
WASP-104,WASP-104,True,2,"[45, 46]"
WASP-105,WASP-105,True,5,"[2, 3, 29, 69, 96]"
WASP-106,WASP-106,True,7,"[9, 36, 45, 46, 72, 89, 100]"
WASP-107,WASP-107,True,1,[91]
WASP-108,WASP-108,True,6,"[11, 37, 38, 64, 99, 100]"
WASP-109,WASP-109,False,0,
WASP-110,WASP-110,True,2,"[67, 94]"
WASP-111,WASP-111,True,5,"[1, 28, 68, 92, 95]"
WASP-112,WASP-112,True,5,"[1, 28, 68, 95, 96]"
WASP-113,WASP-113,True,4,"[23, 24, 50, 77]"
WASP-114,WASP-114,True,2,"[55, 82]"
WASP-116,WASP-116,False,0,
WASP-117,WASP-117,True,7,"[2, 3, 29, 30, 69, 96, 97]"
WASP-118,WASP-118,True,3,"[42, 43, 70]"
WASP-119,WASP-119,True,28,"[1, 2, 3, 4, 7, 11, 27, 28, 29, 30, 31, 34, 37, 61, 62, 63, 64, 65, 67, 68, 69, 88, 89, 90, 94, 95, 96, 97]"
WASP-120,WASP-120,True,5,"[4, 5, 30, 31, 97]"
WASP-121,WASP-121,True,6,"[7, 33, 34, 61, 87, 88]"
WASP-122,WASP-122,True,6,"[7, 33, 34, 61, 87, 88]"
WASP-123,WASP-123,True,5,"[13, 27, 67, 92, 94]"
WASP-124,WASP-124,True,3,"[1, 68, 95]"
WASP-126,WASP-126,True,42,"[1, 2, 3, 4, 5, 6, 7, 8, 9, 10, 11, 12, 13, 27, 28, 29, 30, 31, 32, 33, 34, 36, 37, 38, 39, 61, 63, 64, 65, 66, 67, 68, 69, 87, 88, 90, 93, 94, 95, 96, 97, 98]"
WASP-127,WASP-127,True,6,"[9, 35, 46, 62, 72, 89]"
WASP-128,WASP-128,True,6,"[36, 37, 63, 90, 99, 100]"
WASP-129,WASP-129,True,7,"[10, 37, 63, 64, 90, 99, 100]"
WASP-130,WASP-130,True,3,"[11, 37, 64]"
WASP-131,WASP-131,True,2,"[11, 64]"
WASP-132b,WASP-132b,True,3,"[11, 38, 65]"
WASP-132c,WASP-132c,True,3,"[11, 38, 65]"
WASP-133,WASP-133,True,2,"[68, 95]"
WASP-134,WASP-134,True,1,[82]
WASP-135,WASP-135,True,5,"[26, 52, 53, 79, 80]"
WASP-136,WASP-136,True,4,"[29, 42, 70, 92]"
WASP-137,WASP-137,True,1,[30]
WASP-138,WASP-138,True,2,"[4, 31]"
WASP-139,WASP-139,True,5,"[3, 4, 30, 31, 97]"
WASP-140,WASP-140,True,3,"[4, 5, 31]"
WASP-141,WASP-141,True,3,"[5, 32, 98]"
WASP-142,WASP-142,True,5,"[8, 35, 62, 89, 99]"
WASP-143,WASP-143,True,3,"[61, 72, 99]"
WASP-144,WASP-144,True,3,"[28, 68, 95]"
WASP-145,WASP-145,True,4,"[27, 67, 94, 95]"
WASP-146,WASP-146,True,3,"[29, 69, 70]"
WASP-147,WASP-147,True,3,"[29, 69, 96]"
WASP-148,WASP-148,True,4,"[51, 52, 78, 79]"
WASP-149,WASP-149,True,3,"[61, 88, 99]"
WASP-150,WASP-150,True,23,"[14, 24, 25, 26, 40, 47, 50, 51, 52, 53, 54, 57, 58, 60, 73, 74, 77, 78, 79, 80, 81, 84, 85]"
WASP-151,WASP-151,True,3,"[42, 70, 92]"
WASP-153,WASP-153,True,7,"[26, 40, 53, 54, 74, 80, 81]"
WASP-154,WASP-154,True,1,[92]
WASP-155,WASP-155,True,1,[83]
WASP-156,WASP-156,True,6,"[4, 31, 42, 43, 70, 71]"
WASP-157,WASP-157,False,0,
WASP-158,WASP-158,True,1,[70]
WASP-159,WASP-159,True,3,"[31, 32, 98]"
WASP-160,WASP-160,True,1,[98]
WASP-161,WASP-161,True,4,"[34, 61, 88, 99]"
WASP-162,WASP-162,True,4,"[36, 63, 90, 100]"
WASP-163,WASP-163,True,1,[91]
WASP-164,WASP-164,True,2,"[28, 68]"
WASP-165,WASP-165,True,3,"[29, 69, 96]"
WASP-166,WASP-166,True,5,"[8, 35, 62, 89, 99]"
WASP-167,WASP-167,True,3,"[10, 37, 64]"
WASP-168,WASP-168,True,6,"[32, 33, 34, 61, 88, 98]"
WASP-169,WASP-169,True,4,"[34, 61, 88, 99]"
WASP-170,WASP-170,True,5,"[35, 61, 62, 89, 99]"
WASP-171,WASP-171,True,5,"[36, 37, 90, 99, 100]"
WASP-172,WASP-172,True,3,"[37, 38, 64]"
WASP-173,WASP-173,True,4,"[2, 29, 69, 96]"
WASP-174,WASP-174,True,2,"[37, 64]"
WASP-175,WASP-175,True,5,"[36, 63, 90, 99, 100]"
WASP-176,WASP-176,True,2,"[55, 82]"
WASP-177,WASP-177,True,4,"[42, 55, 82, 92]"
WASP-178,WASP-178,True,2,"[38, 65]"
WASP-180,WASP-180,True,3,"[34, 61, 88]"
WASP-181,WASP-181,True,4,"[42, 43, 70, 97]"
WASP-182,WASP-182,True,4,"[27, 67, 94, 95]"
WASP-183,WASP-183,True,4,"[35, 45, 46, 72]"
WASP-184,WASP-184,True,1,[64]
WASP-185,WASP-185,True,1,[91]
WASP-186,WASP-186,True,3,"[42, 57, 84]"
WASP-187,WASP-187,True,2,"[57, 84]"
WASP-188,WASP-188,True,2,"[80, 81]"
WASP-189,WASP-189,True,1,[51]
WASP-190,WASP-190,True,3,"[29, 69, 96]"
WASP-192,WASP-192,True,2,"[38, 65]"
WASP-193,WASP-193,True,4,"[63, 90, 99, 100]"
WASP-194,WASP-194,True,15,"[40, 41, 50, 54, 55, 56, 57, 60, 74, 75, 76, 77, 81, 82, 83]"
WASP-195,WASP-195,True,4,"[50, 52, 78, 79]"
WASP-197,WASP-197,True,1,[48]
WD_1856+534,WD 1856+534,True,23,"[14, 15, 19, 22, 26, 40, 41, 49, 53, 54, 55, 56, 59, 73, 74, 75, 76, 79, 80, 81, 82, 83, 86]"
Wendelstein-1,Wendelstein-1,True,3,"[41, 54, 81]"
Wendelstein-2,Wendelstein-2,True,2,"[41, 54]"
Wolf_327,Wolf 327,True,2,"[21, 48]"
Wolf_503,Wolf 503,True,1,[91]
WTS-1,WTS-1,True,6,"[40, 41, 54, 55, 74, 75]"
WTS-2,WTS-2,True,8,"[40, 41, 54, 55, 74, 75, 81, 82]"
XO-1,XO-1,True,2,"[24, 51]"
XO-2,XO-2,True,3,"[20, 47, 60]"
XO-3,XO-3,True,4,"[19, 59, 73, 86]"
XO-4,XO-4,True,4,"[20, 47, 60, 74]"
XO-5,XO-5,True,2,"[47, 60]"
XO-6,XO-6,True,9,"[19, 20, 26, 40, 53, 59, 60, 73, 79]"
XO-7,XO-7,True,12,"[25, 26, 40, 47, 52, 53, 59, 60, 73, 74, 79, 86]"
